CD_SETOR;AREA_KM2;POPULAÇÃO;POPULAÇÃO INFANTIL;POPULAÇÃO IDOSA;DENSIDADE POPULACIONAL (hab/KM²)
211130005000001;0.0777277;236;18;53.0;3036.24061949601
211130005000002;0.0877081;247;8;58.0;2816.1595109231644
211130005000003;0.1589558;232;13;40.0;1459.5252265095075
211130005000004;0.0744611;213;15;35.0;2860.554034254127
211130005000005;0.1828716;516;29;116.0;2821.651913145617
211130005000006;0.3520668;608;19;130.0;1726.9450002101873
211130005000007;0.1318836;521;8;131.0;3950.4532784970993
211130005000008;0.1318787;765;28;199.0;5800.785115412876
211130005000009;0.4238757;433;25;94.0;1021.5258860085634
211130005000010;0.1172592;396;23;79.0;3377.133734495886
211130005000012;0.1482665;795;26;183.0;5361.96645904503
211130005000013;0.1612185;705;23;148.0;4372.947273420855
211130005000014;0.1439373;565;25;108.0;3925.320260974744
211130005000015;0.0555114;851;38;158.0;15330.184430585428
211130005000016;0.0854388;416;23;62.0;4868.982242259957
211130005000017;0.1358113;874;34;164.0;6435.399705326435
211130005000018;0.0605283;809;40;145.0;13365.648795687306
211130005000019;0.0569977;545;12;155.0;9561.789335359146
211130005000020;0.038659;557;18;135.0;14408.029178199125
211130005000021;0.0435795;853;50;165.0;19573.423283883476
211130005000022;0.1138939;551;21;149.0;4837.835915707514
211130005000023;0.0570098;826;36;197.0;14488.737024160759
211130005000024;0.2681255;727;28;171.0;2711.4168551667035
211130005000025;0.0496682;787;37;128.0;15845.148404814347
211130005000026;0.0174402;451;21;78.0;25859.795185835024
211130005000027;0.1014868;1026;48;199.0;10109.689141839135
211130005000028;0.0310249;878;40;170.0;28299.849475743675
211130005000029;0.0352484;772;43;161.0;21901.70333972606
211130005000030;0.0250014;651;39;127.0;26038.54184165687
211130005000031;0.0494443;851;49;180.0;17211.286235218216
211130005000032;0.0549222;831;43;141.0;15130.493680151196
211130005000033;0.0346154;593;29;132.0;17131.103497287335
211130005000036;0.0320527;690;32;153.0;21527.047643412254
211130005000037;0.0377285;575;19;141.0;15240.468081158806
211130005000038;0.094866;794;41;165.0;8369.700419539138
211130005000039;0.0880768;496;10;116.0;5631.448917308531
211130005000040;0.0688576;727;34;169.0;10558.021191560552
211130005000041;0.0812494;727;29;112.0;8947.758383446524
211130005000042;0.0445458;1044;64;153.0;23436.552941018006
211130005000043;0.0328303;740;31;116.0;22540.1534558015
211130005000044;0.0320263;895;58;128.0;27945.782060369133
211130005000045;0.0168528;409;26;54.0;24268.96420772809
211130005000046;0.0357878;500;20;114.0;13971.24159629818
211130005000047;0.1076515;152;9;21.0;1411.96360478024
211130005000048;0.0368036;915;37;154.0;24861.69831212164
211130005000049;0.0329752;871;44;119.0;26413.789757150826
211130005000050;0.0367841;986;71;167.0;26805.059794857018
211130005000051;0.0259893;714;41;120.0;27472.844593736652
211130005000052;0.0287854;851;41;145.0;29563.59821298297
211130005000053;0.0168843;545;36;90.0;32278.50725229947
211130005000054;0.0465222;984;44;162.0;21151.192333982486
211130005000055;0.0493335;923;38;164.0;18709.39625203969
211130005000056;0.0825245;826;38;144.0;10009.148798235676
211130005000057;0.0254577;691;29;111.0;27143.064770187408
211130005000058;0.0869188;824;52;115.0;9480.112472790695
211130005000059;0.0473833;810;48;133.0;17094.63038665521
211130005000060;0.0416698;925;53;144.0;22198.330685532448
211130005000061;0.0397865;753;31;120.0;18926.017619041635
211130005000062;0.0658754;920;38;165.0;13965.759600700716
211130005000063;0.1052482;705;19;192.0;6698.451850007886
211130005000064;0.0506866;637;33;110.0;12567.424131821823
211130005000065;0.0464651;579;34;81.0;12460.96532666453
211130005000066;0.0972792;791;32;196.0;8131.234631863749
211130005000067;0.2635587;692;24;182.0;2625.6010520616474
211130005000068;0.0859761;679;24;177.0;7897.543619680353
211130005000069;0.1819192;523;20;101.0;2874.9027040576257
211130005000070;0.0601424;805;43;139.0;13384.899837718482
211130005000071;0.038843;612;32;95.0;15755.734623999175
211130005000072;0.0312614;751;52;121.0;24023.236323389225
211130005000073;0.0317901;729;36;119.0;22931.667405890512
211130005000075;0.0528705;757;40;141.0;14318.003423459206
211130005000076;0.0430011;662;41;113.0;15394.955012778742
211130005000077;0.0379183;663;40;117.0;17484.96108739052
211130005000078;0.0472201;738;29;127.0;15628.937676963835
211130005000079;0.0825689;694;27;166.0;8405.101678719227
211130005000080;0.1445939;761;24;156.0;5263.015936356928
211130005000081;0.0758488;773;38;162.0;10191.328010462921
211130005000082;0.0835887;1061;40;195.0;12693.103254387255
211130005000084;0.0468485;604;29;113.0;12892.621962282677
211130005000085;0.0442202;779;39;112.0;17616.38346276136
211130005000086;0.153074;653;28;77.0;4265.910605328142
211130005000087;0.1772335;903;49;82.0;5094.973580051176
211130005000090;0.1234899;711;46;100.0;5757.555881088251
211130005000091;0.0619313;674;32;107.0;10883.026837802532
211130005000093;0.1902627;844;26;212.0;4435.971948258907
211130005000094;0.0913488;742;37;138.0;8122.712066277828
211130005000095;0.04289;450;17;66.0;10491.95616693868
211130005000096;0.0486559;876;47;156.0;18003.983072967512
211130005000097;0.021125;467;14;90.0;22106.508875739644
211130005000098;0.0660096;929;58;150.0;14073.710490595307
211130005000099;0.0407848;489;30;92.0;11989.76089131245
211130005000100;0.0397547;773;42;123.0;19444.24181291772
211130005000101;0.0628237;980;51;153.0;15599.208578928017
211130005000102;0.8346471;859;50;143.0;1029.1774811174687
211130005000103;0.0295795;428;19;85.0;14469.480552409606
211130005000104;0.1186217;833;33;172.0;7022.323908694615
211130005000105;0.0673716;381;24;73.0;5655.201895160571
211130005000106;0.0229255;455;25;77.0;19846.895378508645
211130005000107;0.0404247;505;20;106.0;12492.362342825054
211130005000108;0.0936217;1117;62;187.0;11930.994630518351
211130005000109;0.3246529;810;41;126.0;2494.9723227483873
211130005000110;0.0550478;881;41;170.0;16004.272650314817
211130005000113;0.0683907;820;56;117.0;11989.934303933138
211130005000114;0.0920387;685;22;148.0;7442.521461081045
211130005000116;0.049636;818;37;154.0;16479.97421226529
211130005000118;0.0680599;641;32;95.0;9418.174284710967
211130005000119;0.0477093;860;54;103.0;18025.835633723404
211130005000120;0.0923552;766;30;124.0;8294.064654724369
211130005000121;0.0822474;584;16;126.0;7100.528405761155
211130005000122;0.0468134;535;19;112.0;11428.351711262161
211130005000123;0.0394643;658;28;118.0;16673.297131838142
211130005000124;0.0834084;980;62;128.0;11749.416125953741
211130005000125;0.1740127;721;33;118.0;4143.375742115374
211130005000126;0.0673532;943;35;146.0;14000.819560169375
211130005000127;0.0484596;1006;52;174.0;20759.560541151805
211130005000128;0.086693;692;28;153.0;7982.190026876448
211130005000129;0.0824834;798;36;149.0;9674.673934391647
211130005000130;0.0545208;87;7;;1595.7212660122375
211130005000132;0.0559027;644;50;84.0;11520.016027848387
211130005000133;0.0521957;1035;60;146.0;19829.21964836184
211130005000134;0.062057;268;11;61.0;4318.610309876404
211130005000135;0.119675;508;23;135.0;4244.829747232086
211130005000137;0.029326;673;46;107.0;22948.919047943804
211130005000138;0.0447756;920;57;149.0;20546.905010764793
211130005000139;0.0360804;907;50;97.0;25138.302236117117
211130005000140;0.0390386;755;54;74.0;19339.83288335135
211130005000143;0.0810767;202;13;26.0;2491.4679556518704
211130005000146;0.1596068;983;66;103.0;6158.885461020458
211130005000147;0.0515737;732;39;112.0;14193.280683759358
211130005000149;0.056021;536;27;108.0;9567.840631191873
211130005000150;0.0545581;457;25;107.0;8376.391406592238
211130005000151;0.1666951;543;13;214.0;3257.444280005831
211130005000152;0.5514162;615;34;120.0;1115.3099963330783
211130005000153;0.143267;553;35;79.0;3859.925872671306
211130005000154;0.1092708;322;12;82.0;2946.8073812949115
211130005000155;0.0711567;445;12;122.0;6253.803225838185
211130005000156;0.1302931;465;10;129.0;3568.8766327610597
211130005000157;0.0981217;548;19;143.0;5584.9011992250435
211130005000158;0.9182095;470;18;111.0;511.86575612646135
211130005000160;0.1653797;508;22;124.0;3071.719201328821
211130005000161;0.2320612;88;8;18.0;379.2103117625868
211130005000162;0.0956219;511;22;128.0;5343.9640919078165
211130005000163;0.0337766;782;39;189.0;23152.123067449065
211130005000164;0.069062;794;33;148.0;11496.91581477513
211130005000165;0.945661;353;18;50.0;373.2838723390306
211130005000167;0.1638827;484;24;108.0;2953.3318648033014
211130005000169;0.0578355;965;49;183.0;16685.25386656984
211130005000170;0.4217607;397;11;148.0;941.2920644336943
211130005000171;1.7376575;235;7;52.0;135.23953943743228
211130005000172;0.0300011;651;32;92.0;21699.20436250671
211130005000173;0.0496582;450;19;57.0;9061.947472924914
211130005000174;0.1176778;397;10;48.0;3373.6184734928765
211130005000175;1.1780959;989;75;85.0;839.4902316526185
211130005000176;0.1286031;727;22;262.0;5653.051909324115
211130005000177;0.2244444;505;17;121.0;2250.000445544643
211130005000178;0.0826642;604;26;143.0;7306.669634497159
211130005000179;0.1349817;717;42;77.0;5311.831159334932
211130005000180;0.0610602;580;27;110.0;9498.822473558881
211130005000181;0.2441289;743;18;159.0;3043.474164672843
211130005000183;0.5853918;872;41;158.0;1489.6006401182933
211130005000184;0.080583;663;27;98.0;8227.541789211124
211130005000187;0.2394305;919;41;211.0;3838.274572370688
211130005000188;0.2228641;687;30;188.0;3082.596075366109
211130005000189;0.0727837;402;6;134.0;5523.214675813403
211130005000190;0.0928455;617;16;205.0;6645.448621634867
211130005000191;0.1523322;488;16;73.0;3203.524927756574
211130005000193;0.1062118;650;24;161.0;6119.847323931993
211130005000195;0.1363904;577;29;110.0;4230.503026605978
211130005000196;0.1760736;791;29;218.0;4492.439525289425
211130005000197;0.1573129;923;33;275.0;5867.287425252474
211130005000198;0.0830924;671;37;110.0;8075.347444531631
211130005000199;0.0552179;479;21;87.0;8674.723232864704
211130005000200;0.1134705;963;44;141.0;8486.78731476463
211130005000201;0.0837504;897;53;168.0;10710.39660706098
211130005000202;0.0304493;405;20;83.0;13300.798376317354
211130005000203;0.065393;658;49;61.0;10062.23907757711
211130005000204;0.0331196;465;30;45.0;14040.02463797872
211130005000205;0.0371202;700;49;78.0;18857.657016934176
211130005000206;0.0315614;676;37;73.0;21418.56825109152
211130005000207;0.1295017;772;56;119.0;5961.311704788432
211130005000208;0.0648523;612;38;94.0;9436.827992222326
211130005000209;0.0570728;598;30;96.0;10477.845838998612
211130005000210;0.0443582;804;48;111.0;18125.171896064312
211130005000211;0.1855486;1005;77;134.0;5416.370697488421
211130005000212;0.0506702;604;27;122.0;11920.221352984594
211130005000213;0.2187656;680;24;155.0;3108.3497588286273
211130005000215;0.0411016;530;28;80.0;12894.875138680733
211130005000216;0.0381434;672;38;91.0;17617.726788907123
211130005000217;0.0956879;939;49;143.0;9813.152969184192
211130005000218;0.0896373;752;37;116.0;8389.364695277523
211130005000219;0.0265861;588;36;97.0;22116.820443765726
211130005000220;0.4766346;678;38;113.0;1422.4733160370647
211130005000221;0.0468384;899;55;120.0;19193.653070984492
211130005000222;0.0836225;688;41;93.0;8227.450745911687
211130005000223;0.1538367;828;47;161.0;5382.330744224233
211130005000224;0.0457389;888;41;159.0;19414.546480129604
211130005000225;0.0492474;985;48;175.0;20001.055893306046
211130005000226;0.0672092;774;39;116.0;11516.280509216002
211130005000227;0.0792149;794;29;135.0;10023.366816091417
211130005000228;0.0412075;883;44;149.0;21428.13808165989
211130005000229;0.0323698;717;40;126.0;22150.275874426163
211130005000230;0.0410141;817;49;133.0;19919.97873901902
211130005000231;0.1708363;781;40;139.0;4571.627926851612
211130005000232;0.0988389;781;39;142.0;7901.74718658342
211130005000234;0.0608866;981;48;152.0;16111.919535661378
211130005000235;0.0938718;852;39;164.0;9076.208190319137
211130005000236;0.0699837;661;19;184.0;9445.05649172593
211130005000237;0.0433743;669;26;143.0;15423.880039562599
211130005000238;0.0204788;394;9;73.0;19239.40855909526
211130005000239;0.0208195;455;24;64.0;21854.511395566657
211130005000240;0.0262213;381;18;72.0;14530.172035711426
211130005000241;0.0180906;476;22;68.0;26312.007340828943
211130005000242;0.0259796;460;14;65.0;17706.200249426474
211130005000243;0.0364788;702;33;78.0;19244.05408072634
211130005000244;0.2214485;743;27;107.0;3355.1819045963284
211130005000245;0.219198;711;34;165.0;3243.6427339665506
211130005000246;0.0239103;544;33;36.0;22751.70114971372
211130005000247;0.0783815;639;28;127.0;8152.4339289245545
211130005000248;0.1419776;904;55;144.0;6367.201586729174
211130005000249;0.1719605;1034;60;131.0;6013.008801439866
211130005000250;0.0665372;1084;64;185.0;16291.638361698417
211130005000251;0.0988906;826;40;192.0;8352.664459513848
211130005000252;0.225033;854;32;189.0;3794.9989557087183
211130005000253;0.1652331;1056;48;201.0;6390.971300544504
211130005000254;0.0309141;780;31;121.0;25231.205178219647
211130005000255;0.1181782;633;20;112.0;5356.317831884392
211130005000256;0.0286811;414;15;72.0;14434.592815477788
211130005000258;0.1159989;786;46;131.0;6775.926323439274
211130005000259;0.9106268;667;23;109.0;732.4625192230232
211130005000260;0.0184749;342;4;57.0;18511.602227887568
211130005000261;0.0238446;701;33;95.0;29398.689850112813
211130005000263;0.0692252;529;19;93.0;7641.725845501349
211130005000264;0.130067;748;25;191.0;5750.882237615999
211130005000266;0.1176902;552;20;144.0;4690.280074296756
211130005000267;0.1500001;725;28;222.0;4833.33011111326
211130005000268;0.1836007;957;39;262.0;5212.39842767484
211130005000269;0.2035482;908;32;225.0;4460.859884784046
211130005000270;0.0564274;452;7;136.0;8010.292871902657
211130005000271;0.1709739;581;28;103.0;3398.1794882142826
211130005000272;0.1156677;538;10;193.0;4651.255276970148
211130005000273;0.1597375;831;32;209.0;5202.284998826199
211130005000274;0.1707654;717;27;198.0;4198.742836663633
211130005000275;0.28432;826;25;216.0;2905.177265053461
211130005000276;0.0294643;306;8;48.0;10385.449510085087
211130005000279;0.1239143;754;25;192.0;6084.850578181856
211130005000280;0.0635271;512;21;139.0;8059.552537421037
211130005000281;0.1210183;640;32;138.0;5288.4563739533605
211130005000282;0.01116;319;14;29.0;28584.229390681005
211130005000283;0.1018532;670;47;80.0;6578.094748127697
211130005000284;0.1387694;1012;60;137.0;7292.674033324351
211130005000285;0.1059727;685;41;93.0;6463.928917541971
211130005000286;0.0959372;797;44;97.0;8307.517834583457
211130005000287;0.0891582;831;60;116.0;9320.511181248612
211130005000288;0.1471646;1026;59;165.0;6971.785334244784
211130005000289;0.0632762;648;33;112.0;10240.81724250192
211130005000290;0.1690156;678;27;149.0;4011.464030539193
211130005000293;0.109414;732;33;169.0;6690.185899427861
211130005000295;0.0833696;656;31;101.0;7868.575595900664
211130005000296;0.0687159;813;53;94.0;11831.32288160382
211130005000297;0.0585837;776;38;66.0;13246.005288160359
211130005000298;0.0344582;622;36;48.0;18050.855819514658
211130005000299;0.088517;543;26;90.0;6134.414858162839
211130005000300;0.036516;645;39;79.0;17663.489976996385
211130005000301;0.1135212;990;49;111.0;8720.83804610945
211130005000302;0.0900552;1058;49;201.0;11748.349900949639
211130005000303;0.0532502;745;40;114.0;13990.557781942603
211130005000304;0.0308987;613;43;83.0;19839.022353691256
211130005000306;0.038122;709;47;103.0;18598.184775195423
211130005000307;0.3896374;697;30;148.0;1788.8426521684005
211130005000308;0.5774984;894;47;135.0;1548.0562370389252
211130005000310;0.0877045;616;18;110.0;7023.584878769048
211130005000311;0.0555137;699;35;85.0;12591.486425873252
211130005000312;0.025479;642;37;66.0;25197.221241022016
211130005000313;0.1033904;291;13;37.0;2814.5746607035085
211130005000314;0.0229512;455;26;45.0;19824.671476872667
211130005000315;0.3098511;846;50;144.0;2730.343703798373
211130005000316;0.125492;647;20;128.0;5155.70713670991
211130005000317;0.0386843;539;23;89.0;13933.301106650502
211130005000318;0.0253625;570;38;64.0;22474.12518482011
211130005000320;0.2016839;952;45;120.0;4720.2577895409595
211130005000321;0.4367785;567;15;43.0;1298.1408196603084
211130005000323;0.0295603;525;24;92.0;17760.306898103197
211130005000324;0.0185971;375;17;41.0;20164.43423974706
211130005000325;0.0208048;403;13;30.0;19370.529877720528
211130005000326;0.1235635;720;21;218.0;5826.963464129779
211130005000327;0.1205933;965;42;282.0;8002.102936066929
211130005000329;0.0651424;719;48;81.0;11037.358156899347
211130005000330;0.109252;1023;44;175.0;9363.67297623842
211130005000331;0.0542953;611;31;91.0;11253.276066252512
211130005000332;0.0556236;274;11;38.0;4925.966676015217
211130005000334;0.0557768;542;23;88.0;9717.301817243011
211130005000335;0.1081402;849;38;148.0;7850.919454559914
211130005000336;0.0887676;681;41;111.0;7671.718059291904
211130005000337;0.1406415;820;57;143.0;5830.427007675544
211130005000340;0.0921242;845;60;116.0;9172.399868872673
211130005000341;0.1494095;623;30;103.0;4169.748242246979
211130005000342;0.0696896;1074;79;118.0;15411.194783726696
211130005000343;0.0601487;802;57;96.0;13333.621508029268
211130005000344;0.0372708;502;34;61.0;13468.989128218338
211130005000346;0.0754533;977;61;139.0;12948.406497794
211130005000347;0.0869687;829;24;243.0;9532.165020288909
211130005000348;0.0492615;674;50;83.0;13682.084386386936
211130005000349;0.0446654;710;59;70.0;15895.973169388386
211130005000350;0.0528881;644;48;64.0;12176.65221477043
211130005000351;0.1086354;828;26;220.0;7621.824929995196
211130005000352;0.0682836;638;18;144.0;9343.385527418004
211130005000354;0.1118179;432;20;76.0;3863.4243712321554
211130005000355;0.0467891;486;18;87.0;10387.034587115375
211130005000356;0.1798805;878;44;149.0;4881.018231548167
211130005000357;0.0434637;609;35;46.0;14011.69251582355
211130005000358;0.059748;649;23;119.0;10862.28827743188
211130005000359;0.1744595;920;30;178.0;5273.430223060367
211130005000360;0.0611515;391;19;81.0;6393.955994538155
211130005000362;0.05676;373;6;114.0;6571.5292459478505
211130005000364;0.064553;793;53;79.0;12284.479420011463
211130005000365;0.0729656;591;25;104.0;8099.707259311236
211130005000366;0.127683;897;35;143.0;7025.210873804657
211130005000373;0.1789567;733;40;102.0;4095.9628781710885
211130005000374;0.312543;590;37;122.0;1887.7402469420206
211130005000376;0.056886;744;59;83.0;13078.789157261892
211130005000378;0.03828;680;31;91.0;17763.845350052245
211130005000380;0.0450788;851;47;120.0;18878.05354179792
211130005000381;0.0406705;538;25;78.0;13228.261270454015
211130005000382;0.0486511;657;50;98.0;13504.319532343565
211130005000383;0.0399162;864;41;126.0;21645.347001969127
211130005000384;0.0538734;827;64;97.0;15350.803921787005
211130005000385;0.0431126;783;35;119.0;18161.743898535464
211130005000386;0.0862387;1092;91;105.0;12662.528539971034
211130005000387;0.031833;555;37;69.0;17434.737536518707
211130005000388;0.0647316;956;71;56.0;14768.67557730691
211130005000390;0.0513028;696;48;58.0;13566.510989653585
211130005000391;0.0543191;975;67;153.0;17949.487381050127
211130005000393;0.0719513;919;63;107.0;12772.528084968584
211130005000394;0.0412437;780;48;90.0;18911.979284108846
211130005000395;0.0445925;613;36;39.0;13746.70628468913
211130005000396;0.0552815;715;58;61.0;12933.802447473387
211130005000397;0.0147248;219;14;28.0;14872.867543192438
211130005000398;0.0297253;534;25;79.0;17964.494891557024
211130005000399;0.0517422;953;52;96.0;18418.23501899803
211130005000401;0.032718;626;51;63.0;19133.198850785502
211130005000402;0.1067387;512;42;44.0;4796.76068754819
211130005000403;0.0706888;1094;67;121.0;15476.28478627449
211130005000406;0.1111977;964;65;134.0;8669.244058105518
211130005000407;0.0949606;910;47;121.0;9582.921759129575
211130005000409;0.0652555;926;67;100.0;14190.374757683261
211130005000410;0.0449591;916;77;63.0;20374.07332442153
211130005000411;0.1685992;753;58;72.0;4466.213362815482
211130005000412;1.3833097;646;46;78.0;466.99593012323993
211130005000414;0.4584697;763;47;73.0;1664.2321182839346
211130005000415;0.0643157;1006;53;132.0;15641.592954752883
211130005000417;0.0997766;1156;70;138.0;11585.88286231441
211130005000422;0.5887358;1044;77;96.0;1773.2911774687389
211130005000423;0.0989699;619;49;54.0;6254.426850992069
211130005000426;0.0677507;599;51;60.0;8841.237064709296
211130005000427;0.098108;1101;83;109.0;11222.326415786683
211130005000428;0.0438131;618;37;72.0;14105.370311619128
211130005000429;0.0524272;721;50;110.0;13752.403332621234
211130005000430;0.0586351;923;51;113.0;15741.424505117242
211130005000431;0.0590237;1085;62;125.0;18382.446373236515
211130005000432;0.0387491;592;35;75.0;15277.774193465139
211130005000433;0.0451897;735;30;119.0;16264.768298970783
211130005000434;0.0437985;877;53;132.0;20023.51678710458
211130005000436;0.0524506;747;40;115.0;14241.972446454378
211130005000438;0.0530507;835;58;101.0;15739.660362634235
211130005000439;0.0520816;720;37;132.0;13824.460078031398
211130005000440;0.087527;1002;34;167.0;11447.896077781714
211130005000443;0.051938;833;36;142.0;16038.353421387039
211130005000444;0.0528445;773;40;100.0;14627.823141481138
211130005000445;0.0576155;767;39;118.0;13312.389895080318
211130005000446;0.0806009;852;37;153.0;10570.60156896511
211130005000447;0.0969523;764;42;121.0;7880.163750627886
211130005000448;0.0806432;1060;48;149.0;13144.31966985437
211130005000450;0.0929852;825;38;120.0;8872.379690531396
211130005000451;0.1223362;523;25;76.0;4275.10418012003
211130005000456;0.0502834;918;51;133.0;18256.522033116296
211130005000457;0.0728615;360;28;32.0;4940.880986529237
211130005000458;0.0820456;1088;77;157.0;13260.918318593564
211130005000459;0.033006;622;31;80.0;18845.05847421681
211130005000462;0.0563134;924;33;121.0;16408.172832753837
211130005000463;0.1639261;1043;67;131.0;6362.623157630176
211130005000464;0.1259157;968;71;88.0;7687.683108619498
211130005000465;0.129502;1100;54;118.0;8494.077311547311
211130005000466;0.0463542;799;35;124.0;17236.841537552154
211130005000467;0.152615;439;29;54.0;2876.5193460669
211130005000468;0.3203201;915;77;85.0;2856.5175897485046
211130005000470;0.1033486;840;42;88.0;8127.831436516799
211130005000471;0.075675;905;51;129.0;11959.035348529897
211130005000472;0.0955594;1054;86;83.0;11029.78880152031
211130005000473;0.0420793;762;63;70.0;18108.66625633031
211130005000474;0.0284598;629;48;60.0;22101.349974349785
211130005000475;0.0597637;932;52;113.0;15594.750659681378
211130005000476;0.0887108;703;46;85.0;7924.626990174815
211130005000477;0.414043;1435;108;113.0;3465.8235980320883
211130005000478;0.0406211;677;53;44.0;16666.21534128815
211130005000480;0.0974506;1076;81;89.0;11041.491791738583
211130005000481;0.1676215;852;44;94.0;5082.8801794519195
211130005000482;0.5209198;1055;70;83.0;2025.2637738093272
211130005000484;0.6013174;710;41;106.0;1180.740820072727
211130005000485;0.1729412;716;41;88.0;4140.135491138029
211130005000486;0.1726213;1085;107;146.0;6285.435227286552
211130005000489;0.4124571;771;80;74.0;1869.2853147636445
211130005000490;0.1173112;949;63;125.0;8089.594173446354
211130005000491;0.8169726;838;31;149.0;1025.7381948917257
211130005000492;0.4828157;510;12;132.0;1056.3036786086284
211130005000493;0.2581734;365;25;;1413.7784915099696
211130005000495;0.0392422;494;39;35.0;12588.488922639404
211130005000499;0.0550329;660;46;55.0;11992.826109472697
211130005000500;0.0397223;654;49;71.0;16464.303426538743
211130005000501;0.0369998;661;44;53.0;17864.961432223958
211130005000502;0.0470103;598;29;78.0;12720.616545735722
211130005000503;0.1045795;967;62;119.0;9246.55405696145
211130005000504;0.1986392;920;62;113.0;4631.512813180883
211130005000505;0.1167536;876;33;122.0;7502.980636143126
211130005000506;0.0660134;554;25;169.0;8392.235515819515
211130005000509;0.0383052;589;35;69.0;15376.50240698391
211130005000510;0.0490086;734;65;45.0;14976.963226862224
211130005000511;0.0620244;958;73;65.0;15445.5343380992
211130005000516;0.1524983;652;29;185.0;4275.457496903244
211130005000517;0.0827092;553;15;163.0;6686.076035072278
211130005000518;0.1400007;772;27;224.0;5514.258142994999
211130005000520;0.1251296;651;33;64.0;5202.605938163312
211130005000522;0.0614366;616;33;134.0;10026.59652389618
211130005000523;0.0193723;680;52;44.0;35101.665780521675
211130005000524;0.0214113;575;30;39.0;26854.978445960776
211130005000525;0.0110271;428;26;18.0;38813.46863635952
211130005000529;0.2753567;371;20;56.0;1347.343282367925
211130005000530;0.1806043;1150;53;165.0;6367.511736985221
211130005000531;0.1001894;714;36;121.0;7126.50240444598
211130005000533;0.1986712;626;26;120.0;3150.93481088351
211130005000534;0.0966694;1076;36;276.0;11130.719752062183
211130005000535;0.0977251;733;18;193.0;7500.631874513303
211130005000536;0.1397869;834;26;209.0;5966.224302849552
211130005000537;0.0424308;326;8;73.0;7683.098126832396
211130005000538;0.1007765;940;28;269.0;9327.571408016749
211130005000539;0.0896994;919;29;221.0;10245.330515031315
211130005000540;0.0679069;792;33;193.0;11663.026879448185
211130005000541;0.097992;1020;59;248.0;10409.012980651481
211130005000542;0.0955306;824;27;194.0;8625.50847581822
211130005000543;0.0773409;944;29;229.0;12205.702286888309
211130005000544;0.1108902;992;41;238.0;8945.78601174856
211130005000545;0.0906523;951;40;226.0;10490.632890726434
211130005000546;0.0599097;691;23;164.0;11534.025374855824
211130005000547;0.1060823;927;28;227.0;8738.498316872843
211130005000548;0.0911405;828;35;177.0;9084.874452082226
211130005000549;0.0455922;531;19;158.0;11646.729045757827
211130005000550;0.0928182;766;23;223.0;8252.691821216098
211130005000551;0.1203263;1034;41;272.0;8593.300051609665
211130005000552;0.0907464;960;31;267.0;10578.932056808864
211130005000553;0.1194761;874;27;282.0;7315.270585497852
211130005000554;0.0898742;924;41;255.0;10281.03727209811
211130005000555;0.0889221;851;35;234.0;9570.174343610868
211130005000556;0.1174282;949;42;221.0;8081.534077845015
211130005000558;0.0785846;707;20;206.0;8996.673648526556
211130005000559;0.0604889;450;19;99.0;7439.381440231183
211130005000560;0.0722276;535;13;150.0;7407.140760595672
211130005000561;0.0806476;414;11;117.0;5133.444764630318
211130005000562;0.1327067;850;32;236.0;6405.102379909981
211130005000563;0.0884189;637;25;179.0;7204.342058089391
211130005000564;0.0969456;610;29;123.0;6292.188608869304
211130005000565;0.1128078;635;34;56.0;5629.043381751971
211130005000566;0.0290379;587;28;92.0;20214.96044824178
211130005000567;0.018049;447;20;49.0;24765.915009141783
211130005000568;0.0224269;441;17;41.0;19663.885780023098
211130005000569;0.076061;804;38;151.0;10570.463180867988
211130005000570;0.1179107;464;19;70.0;3935.1814551181533
211130005000571;0.2555474;1032;50;189.0;4038.389746872792
211130005000572;0.0469003;355;18;28.0;7569.247957902188
211130005000573;0.12615;837;39;82.0;6634.958382877526
211130005000574;0.0370376;422;16;55.0;11393.826813832431
211130005000575;0.8434098;730;46;78.0;865.5341685619494
211130005000576;0.0590109;669;60;60.0;11336.888608714662
211130005000578;0.0974537;859;44;150.0;8814.442140216328
211130005000579;0.2072582;781;29;107.0;3768.2465639477714
211130005000581;0.1006098;504;26;72.0;5009.452359511698
211130005000582;0.1058344;909;37;171.0;8588.889812764091
211130005000583;0.0774595;855;51;144.0;11038.026323433536
211130005000585;0.0678731;849;42;124.0;12508.63744252141
211130005000586;0.035836;621;42;75.0;17328.942962384193
211130005000587;0.0372338;608;32;73.0;16329.249230537846
211130005000588;0.0539354;860;35;117.0;15945.000871412838
211130005000589;0.0773548;769;61;80.0;9941.20597558264
211130005000591;0.1408441;1004;46;155.0;7128.449115014402
211130005000592;0.1433384;1025;43;221.0;7150.910014343679
211130005000594;0.060403;825;47;115.0;13658.262006853965
211130005000595;0.1524534;828;34;159.0;5431.167819149983
211130005000596;0.1956621;474;17;74.0;2422.5437629464263
211130005000598;0.1487144;686;30;110.0;4612.868693280543
211130005000601;0.1011846;757;39;124.0;7481.375624353904
211130005000602;0.09974;737;36;93.0;7389.21195107279
211130005000604;0.0772085;659;40;78.0;8535.32965929917
211130005000605;0.1574583;1081;65;99.0;6865.309735974541
211130005000606;1.3806356;817;41;113.0;591.7564345001679
211130005000608;0.0815776;634;26;47.0;7771.7412623073
211130005000610;0.1137079;967;48;86.0;8504.24640680199
211130005000611;0.0799359;1043;52;156.0;13047.954673682287
211130005000612;0.0792546;1033;43;176.0;13033.943771087104
211130005000613;0.1195296;587;37;61.0;4910.917463122105
211130005000615;0.0459164;584;40;100.0;12718.767150734813
211130005000616;0.0416388;569;31;72.0;13665.139245127142
211130005000617;0.0691578;1006;51;176.0;14546.443062098562
211130005000618;0.0565599;977;41;168.0;17273.722195406994
211130005000619;0.060875;1054;47;167.0;17314.168377823407
211130005000620;0.0770579;1020;37;186.0;13236.79986088383
211130005000622;0.0681046;774;43;127.0;11364.871095344513
211130005000623;0.0629687;609;45;73.0;9671.471699431622
211130005000624;0.0702666;795;34;179.0;11314.052480125692
211130005000625;0.0639338;817;33;148.0;12778.843115847956
211130005000626;0.1166873;885;39;155.0;7584.372935186606
211130005000627;0.057122;784;43;179.0;13725.009628514408
211130005000628;0.0536385;669;29;151.0;12472.384574512711
211130005000629;0.0613766;628;32;108.0;10231.912487821091
211130005000630;0.0788187;691;29;92.0;8766.955050007167
211130005000631;0.0742932;741;36;122.0;9973.994928203389
211130005000632;0.0634517;1083;64;203.0;17068.100618265547
211130005000633;0.0634743;1056;44;209.0;16636.65452001834
211130005000634;0.1169698;728;26;162.0;6223.828714762272
211130005000635;0.0779176;1016;45;202.0;13039.415998439377
211130005000636;0.1055132;583;37;109.0;5525.3750241675925
211130005000637;0.0725169;777;28;113.0;10714.743735598186
211130005000638;0.0602868;811;46;153.0;13452.364365001957
211130005000639;0.0785199;1072;50;205.0;13652.589980374401
211130005000640;0.0611992;820;38;151.0;13398.867959058289
211130005000641;0.0992098;965;53;115.0;9726.86166084399
211130005000642;0.0364656;580;37;79.0;15905.401254881312
211130005000644;0.1147811;926;56;117.0;8067.530281553322
211130005000646;0.043299;494;37;44.0;11409.039469733712
211130005000647;0.0969147;1047;74;81.0;10803.314667434352
211130005000648;0.1036492;766;52;89.0;7390.312708636439
211130005000649;0.0544226;736;35;110.0;13523.793424055448
211130005000650;0.0727279;945;44;120.0;12993.637929872855
211130005000651;0.0866882;547;25;42.0;6309.9706765165265
211130005000652;0.0887015;906;51;94.0;10214.032457173778
211130005000653;0.1050515;1052;52;133.0;10014.135923808797
211130005000654;0.0602013;580;39;73.0;9634.34344441067
211130005000655;0.0659085;599;29;92.0;9088.357343893429
211130005000657;0.0646382;705;52;74.0;10906.863124282543
211130005000658;0.0960495;820;48;88.0;8537.26463958688
211130005000659;0.0277138;253;23;29.0;9129.025972620138
211130005000660;0.0668038;634;36;61.0;9490.478086575913
211130005000661;0.0759932;745;50;89.0;9803.508734992078
211130005000662;0.0508302;755;58;61.0;14853.374568661937
211130005000663;0.0764031;896;64;72.0;11727.272846258857
211130005000665;0.0754973;893;64;63.0;11828.237566111635
211130005000666;0.0731503;800;66;43.0;10936.387137168269
211130005000667;0.0704156;881;75;65.0;12511.432125835754
211130005000668;0.0757141;821;60;56.0;10843.422823489944
211130005000669;0.0694723;848;68;66.0;12206.303807416769
211130005000670;0.079164;925;66;50.0;11684.604112980647
211130005000671;0.1040986;1026;69;72.0;9856.040330993885
211130005000673;0.0733165;883;70;72.0;12043.673661454106
211130005000674;0.111101;968;72;82.0;8712.792864150637
211130005000675;0.0925294;982;69;82.0;10612.843053126899
211130005000677;0.0798913;512;31;44.0;6408.707831766413
211130005000678;0.1120084;973;67;63.0;8686.848486363524
211130005000679;0.0571036;641;58;54.0;11225.21172045195
211130005000680;0.0957663;1023;63;83.0;10682.254613574922
211130005000681;0.1060801;920;65;69.0;8672.691673556115
211130005000682;0.0653423;663;53;47.0;10146.566619173183
211130005000683;0.0944054;938;59;69.0;9935.87231238891
211130005000685;0.1080466;1060;92;75.0;9810.581730475553
211130005000686;0.1042911;1008;61;59.0;9665.254273854624
211130005000688;0.0721667;695;54;41.0;9630.480540193746
211130005000689;0.0486489;343;18;27.0;7050.519127873395
211130005000690;0.0550096;406;32;32.0;7380.529943864344
211130005000691;0.0613727;328;30;17.0;5344.395798131743
211130005000693;0.0949329;882;71;65.0;9290.772745802562
211130005000694;0.2123042;888;54;82.0;4182.6774976660845
211130005000695;0.069359;657;50;68.0;9472.454908519441
211130005000696;0.1139098;854;40;112.0;7497.160033640652
211130005000697;0.0959258;787;52;94.0;8204.257874315355
211130005000698;0.0722192;931;46;104.0;12891.308682455636
211130005000699;0.0668145;871;35;128.0;13036.092464958954
211130005000701;0.1365999;795;63;91.0;5819.916412823143
211130005000702;5.3872437;X;X;;
211130005000704;0.1489914;969;83;84.0;6503.7310878346
211130005000705;0.0921993;982;85;67.0;10650.840082299974
211130005000707;0.0848316;665;54;54.0;7839.059972934615
211130005000708;0.1083119;689;56;66.0;6361.258550537845
211130005000709;0.2236758;960;78;53.0;4291.926082303047
211130005000710;0.2582494;249;24;15.0;964.1842343099345
211130005000712;0.046637;492;12;39.0;10549.563651178249
211130005000713;0.0695646;728;55;55.0;10465.09287769929
211130005000714;0.0537716;676;38;48.0;12571.692120003867
211130005000715;0.0593867;542;34;53.0;9126.622627625376
211130005000717;0.0671627;681;47;50.0;10139.556628902648
211130005000718;0.0723534;862;67;70.0;11913.745587629608
211130005000719;0.0644143;561;38;42.0;8709.246238801012
211130005000720;0.0508086;277;12;25.0;5451.832957412721
211130005000721;0.1275661;808;44;72.0;6333.971172592092
211130005000724;0.0903115;930;45;74.0;10297.691877557121
211130005000725;0.0971401;933;52;92.0;9604.684368247512
211130005000726;0.0765851;974;40;91.0;12717.878542954177
211130005000727;0.1100591;899;52;81.0;8168.338647145033
211130005000728;0.0734121;942;48;100.0;12831.672163035795
211130005000731;0.2442722;955;79;70.0;3909.5730091267037
211130005000732;0.633587;210;13;41.0;331.44619444527746
211130005000735;0.0801154;944;78;100.0;11783.003018146323
211130005000736;0.1409042;794;52;99.0;5635.034299900216
211130005000737;0.0928619;1025;71;134.0;11037.896058555769
211130005000740;0.0687029;351;25;42.0;5108.954643835996
211130005000741;0.0831467;826;43;91.0;9934.24874348591
211130005000742;0.6020523;817;53;70.0;1357.0249627814726
211130005000743;0.2924365;721;65;49.0;2465.4925086300786
211130005000745;0.8038799;573;38;90.0;712.7930428413498
211130005000746;0.1671944;291;15;25.0;1740.4889158967048
211130005000749;0.031986;179;8;24.0;5596.198336772338
211130005000753;0.294431;762;31;151.0;2588.042699308157
211130005000755;0.04757;472;20;53.0;9922.219886483077
211130005000756;0.0451565;668;27;105.0;14792.99768582596
211130005000757;0.1117465;655;36;80.0;5861.481120214056
211130005000759;0.1738114;1051;36;185.0;6046.784042933892
211130005000760;0.1361981;160;7;27.0;1174.7594129433526
211130005000761;0.0714619;713;22;145.0;9977.34457102316
211130005000762;0.1095662;620;32;74.0;5658.6794102560825
211130005000763;0.0299837;527;30;53.0;17576.2164109166
211130005000764;0.0943901;768;34;97.0;8136.446512928792
211130005000766;0.029063;566;38;65.0;19474.933764580393
211130005000767;0.0198118;267;15;31.0;13476.816846525808
211130005000768;0.0223264;432;29;52.0;19349.290526014047
211130005000769;0.0351861;606;56;40.0;17222.71010427413
211130005000770;0.0620565;949;60;101.0;15292.51569134579
211130005000772;0.0652412;654;36;65.0;10024.34044744732
211130005000773;0.1489564;1098;67;132.0;7371.284483244762
211130005000774;0.1012731;907;52;105.0;8955.981400786586
211130005000778;0.0890427;732;45;80.0;8220.774976500039
211130005000780;0.5598637;909;55;129.0;1623.6094606597999
211130005000781;0.0732885;717;47;57.0;9783.253852923719
211130005000783;1.120367;964;81;92.0;860.4323404741483
211130005000784;0.1604196;992;53;113.0;6183.783029006431
211130005000785;0.0790606;968;73;109.0;12243.772498564393
211130005000786;0.0805915;786;52;106.0;9752.88957272169
211130005000787;0.2447422;713;78;32.0;2913.2695546579216
211130005000788;0.0987757;982;49;134.0;9941.716434305199
211130005000789;0.0718202;715;56;54.0;9955.416442727812
211130005000790;0.0334653;455;24;87.0;13596.172752074535
211130005000791;0.4369742;1132;81;89.0;2590.541958770106
211130005000792;0.0919625;490;31;58.0;5328.258801141769
211130005000793;0.1080798;791;62;77.0;7318.666392794953
211130005000794;0.0403266;664;45;65.0;16465.55871310748
211130005000795;0.0428382;654;40;58.0;15266.747902572937
211130005000798;0.0441437;526;29;41.0;11915.630089910905
211130005000799;0.4380765;585;25;90.0;1335.383203618546
211130005000800;0.0318634;599;24;83.0;18798.99822366728
211130005000801;0.039746;288;7;45.0;7246.012177326021
211130005000802;0.0130576;264;8;34.0;20218.110525670872
211130005000803;0.0107281;448;28;35.0;41759.49142905081
211130005000804;0.0104852;390;14;29.0;37195.2847823599
211130005000805;0.0120989;424;12;30.0;35044.508178429445
211130005000806;0.0128437;422;14;23.0;32856.57559737459
211130005000807;0.0118458;411;15;33.0;34695.841564098664
211130005000808;0.0130995;418;15;33.0;31909.614870796595
211130005000809;0.0134066;275;9;24.0;20512.2849939582
211130005000810;0.0121498;281;21;19.0;23127.95272350162
211130005000811;0.0128264;320;16;34.0;24948.54362876567
211130005000812;0.0225889;369;21;34.0;16335.456795151602
211130005000813;0.1305608;663;50;102.0;5078.0938842286505
211130005000815;0.1630462;448;12;107.0;2747.6874652705797
211130005000816;0.2603478;705;53;99.0;2707.9161029976053
211130005000817;0.1202181;659;28;153.0;5481.7036702459945
211130005000819;0.0609867;1028;67;207.0;16856.13420631056
211130005000820;0.6933402;193;7;68.0;278.3626277547444
211130005000821;0.9646233;759;27;186.0;786.835648693122
211130005000822;0.0580666;462;27;30.0;7956.381120988657
211130005000823;0.0468948;630;40;113.0;13434.32534097597
211130005000825;0.1427652;445;18;92.0;3117.006105129261
211130005000827;0.2789807;730;67;74.0;2616.66846487947
211130005000829;0.0865161;553;29;33.0;6391.873882433443
211130005000831;0.1296242;621;27;99.0;4790.772093482545
211130005000832;0.2056166;971;37;139.0;4722.381364150559
211130005000833;0.1990291;948;40;130.0;4763.122578557608
211130005000834;0.0954824;102;8;23.0;1068.2597002170035
211130005000836;0.6095463;133;5;31.0;218.19507394270133
211130005000838;0.1239034;807;46;146.0;6513.138461091464
211130005000839;0.1378447;493;18;126.0;3576.4886136354903
211130005000840;0.0651522;634;35;91.0;9731.060501410544
211130005000841;0.0826244;742;51;73.0;8980.398042224815
211130005000842;0.0932661;512;27;91.0;5489.668807851942
211130005000843;0.041879;364;25;57.0;8691.707060818071
211130005000845;0.2014936;356;14;86.0;1766.8054965517515
211130005000846;0.0680373;512;20;80.0;7525.283925141063
211130005000847;0.0587835;635;42;84.0;10802.350999855402
211130005000849;0.5105249;1077;47;189.0;2109.593479181917
211130005000850;0.0777122;686;36;122.0;8827.442795339728
211130005000852;0.0412817;649;28;68.0;15721.251789533862
211130005000853;0.0574241;917;62;54.0;15968.90504161145
211130005000856;0.149265;1130;91;66.0;7570.428432653334
211130005000857;0.0540407;726;26;169.0;13434.318948496226
211130005000858;0.0708878;794;42;156.0;11200.799009138385
211130005000859;0.5515781;230;20;22.0;416.9853734221863
211130005000860;0.4073624;691;55;47.0;1696.2783015810983
211130005000861;0.0462955;563;23;68.0;12161.009169357712
211130005000862;0.0574943;591;30;71.0;10279.279859046897
211130005000863;0.0644509;626;40;88.0;9712.82014680943
211130005000865;0.0925621;1012;57;124.0;10933.200521595772
211130005000867;0.0850002;699;41;68.0;8223.510062329266
211130005000868;0.0697686;462;18;63.0;6621.890076624728
211130005000871;0.073266;453;23;47.0;6182.949799361232
211130005000872;0.0301784;524;19;50.0;17363.412241868355
211130005000873;0.0618246;943;70;49.0;15252.828162252566
211130005000874;0.108051;342;17;68.0;3165.172002110115
211130005000875;0.0110622;450;18;26.0;40679.06926289527
211130005000876;0.0106907;419;7;33.0;39192.94339940322
211130005000877;0.230435;867;25;188.0;3762.4492807082256
211130005000878;0.0103076;350;12;41.0;33955.527959951876
211130005000879;0.0080996;262;14;28.0;32347.27640871154
211130005000880;0.0078534;274;13;24.0;34889.34728907225
211130005000881;0.0188953;553;20;54.0;29266.537181203792
211130005000883;0.0337967;552;32;47.0;16332.955584420964
211130005000884;0.8341176;X;X;;
211130005000885;0.0676285;624;23;119.0;9226.879200337136
211130005000886;0.0605649;565;24;157.0;9328.835678751224
211130005000887;0.0712952;513;15;95.0;7195.435316823573
211130005000888;0.1023204;878;42;184.0;8580.889050472828
211130005000889;0.1767708;487;28;80.0;2754.9798948695147
211130005000890;0.0529487;479;30;52.0;9046.492170723737
211130005000891;0.0226187;618;36;90.0;27322.525167228887
211130005000892;0.056415;585;22;106.0;10369.582557830365
211130005000893;0.0603998;1016;63;149.0;16821.247752476003
211130005000895;0.0291131;806;62;66.0;27685.131435676725
211130005000896;0.0449966;958;66;117.0;21290.49750425588
211130005000897;0.018341;305;17;23.0;16629.409519655415
211130005000898;0.0163264;385;14;26.0;23581.438651509212
211130005000899;0.0826298;448;23;66.0;5421.772774471196
211130005000900;0.064531;520;27;53.0;8058.14259813113
211130005000901;0.0143503;458;19;31.0;31915.709079252698
211130005000902;0.0157197;532;21;42.0;33842.885042335416
211130005000903;0.0313172;386;24;27.0;12325.49525500364
211130005000904;0.0182242;685;28;55.0;37587.383808342754
211130005000905;0.0151423;447;26;88.0;29519.954036044724
211130005000906;0.0382862;609;44;75.0;15906.514618844389
211130005000907;0.0873187;846;50;75.0;9688.646303712721
211130005000908;0.1466382;919;92;58.0;6267.1254829914715
211130005000909;0.0536083;724;46;89.0;13505.371369731927
211130005000910;0.0639561;978;72;78.0;15291.739177341957
211130005000911;0.083285;229;14;21.0;2749.594764963679
211130005000912;0.04816;748;69;67.0;15531.56146179402
211130005000913;0.8103878;539;27;74.0;665.1136653340536
211130005000914;0.7039476;663;60;58.0;941.8314658647888
211130005000915;0.2487879;707;48;53.0;2841.778076827691
211130005000917;0.0590316;754;51;84.0;12772.819981162633
211130005000918;0.9500938;693;68;36.0;729.4016653934591
211130005000919;0.0921029;908;50;102.0;9858.53865622038
211130005000920;0.0421286;733;54;53.0;17399.106545197323
211130005000921;0.0492585;576;70;20.0;11693.41331952861
211130005000922;0.0340977;570;32;54.0;16716.670039328164
211130005000923;0.055708;318;14;13.0;5708.33632512386
211130005000924;0.0459457;74;6;14.0;1610.5968567243508
211130005000925;0.0673041;868;45;122.0;12896.688314679193
211130005000927;0.1969249;1085;79;101.0;5509.714617095146
211130005000928;0.138087;858;58;95.0;6213.474114145431
211130005000929;0.0479372;64;6;;1335.080063082533
211130005000930;0.2199279;839;50;109.0;3814.8866060195182
211130005000932;1.6537737;553;44;47.0;334.38674227314175
211130005000933;0.1799072;828;58;68.0;4602.372778854877
211130005000936;0.0749576;640;47;62.0;8538.160239922303
211130005000937;0.0459822;726;42;96.0;15788.71824314626
211130005000938;0.05868;872;47;110.0;14860.259032038173
211130005000946;0.5033991;770;54;95.0;1529.6014633319767
211130005000947;0.5238215;657;36;85.0;1254.2440506928408
211130005000948;0.8779144;868;64;69.0;988.7068716494456
211130005000949;0.6574526;658;48;47.0;1000.8326075522402
211130005000951;0.2160273;X;X;;
211130005000952;0.3100462;867;61;66.0;2796.3574460838418
211130005000953;0.6007256;668;38;104.0;1111.9885684911715
211130005000955;0.7981278;744;53;77.0;932.1815378439392
211130005000956;0.7841265;993;83;132.0;1266.3773000912481
211130005000958;4.82322;501;40;37.0;103.87251670046152
211130005000959;6.7096408;289;26;24.0;43.072350460251165
211130005000962;0.6754779;1059;70;87.0;1567.7789014266789
211130005000964;37.8903394;104;8;22.0;2.744762956649578
211130005000968;1.6137059;674;63;58.0;417.6721421170983
211130005000972;1.0794834;1025;79;97.0;949.5282650942108
211130005000973;0.1268272;1029;83;69.0;8113.40154162514
211130005000974;0.1536134;935;78;40.0;6086.708581412819
211130005000976;10.2178459;704;58;79.0;68.89906217904499
211130005000977;0.485171;346;40;46.0;713.1506211212129
211130005000978;0.2435609;664;68;57.0;2726.2175496970162
211130005000979;0.9378783;308;27;34.0;328.4008170356431
211130005000983;0.1882;831;45;125.0;4415.515409139213
211130005000984;0.0753483;1164;58;165.0;15448.258288508167
211130005000985;0.0117818;436;21;38.0;37006.229947885724
211130005000986;0.0106591;490;31;40.0;45970.11004681446
211130005000987;0.0125778;452;22;23.0;35936.33226796419
211130005000988;0.1090299;276;16;23.0;2531.4156942269965
211130005000989;0.1197551;414;25;64.0;3457.0552736376153
211130005000990;0.0268719;508;37;67.0;18904.506194202866
211130005000991;0.0841877;400;25;90.0;4751.2878959753025
211130005000994;0.0410804;689;49;91.0;16771.988588231856
211130005000995;0.1522694;822;29;219.0;5398.326912695526
211130005000996;0.4080263;559;43;43.0;1370.0097273141462
211130005000997;0.0732613;448;15;143.0;6115.097602690643
211130005000999;0.0284927;402;40;25.0;14108.877010602717
211130005001001;0.0623541;646;31;118.0;10360.184815433147
211130005001002;0.0289819;514;29;59.0;17735.207146529385
211130005001003;0.053932;443;25;51.0;8214.047318845955
211130005001004;0.0580486;572;25;52.0;9853.812150508367
211130005001005;0.124131;91;9;14.0;733.0964867760672
211130005001006;0.0259825;469;37;45.0;18050.610988165114
211130005001007;0.2581589;242;10;33.0;937.4071550506296
211130005001008;0.052688;792;63;63.0;15031.885818402672
211130005001009;0.0594155;862;61;77.0;14507.998754533748
211130005001010;0.1316983;460;30;32.0;3492.8317222014257
211130005001011;0.0590291;644;38;89.0;10909.873265897668
211130005001013;0.1610315;682;56;47.0;4235.196219373229
211130005001014;0.0190034;404;36;37.0;21259.353589357695
211130005001015;0.0601036;830;50;134.0;13809.488949081253
211130005001018;0.0704803;566;36;37.0;8030.612809536849
211130005001019;1.0162477;153;11;;150.5538462719276
211130005001021;0.1100135;299;16;56.0;2717.8482640766815
211130005001022;0.0195326;654;41;61.0;33482.48569058906
211130005001023;0.0232405;598;41;80.0;25730.943826509756
211130005001024;0.1557707;335;15;60.0;2150.596999307315
211130005001025;0.0370169;604;36;99.0;16316.871483025321
211130005001026;0.0626852;435;15;83.0;6939.437060103502
211130005001029;0.0243994;616;38;91.0;25246.522455470214
211130005001030;0.074366;752;42;91.0;10112.148024634913
211130005001031;0.055038;768;39;145.0;13953.995421345253
211130005001032;0.0756669;580;15;76.0;7665.17460078317
211130005001033;0.0944519;1072;68;89.0;11349.692277233173
211130005001034;0.0952239;536;20;91.0;5628.838978449738
211130005001035;0.0388601;570;26;142.0;14668.00136901346
211130005001036;0.064643;717;34;68.0;11091.688195164208
211130005001037;0.0492628;841;35;145.0;17071.70522179007
211130005001039;0.0466317;477;36;42.0;10229.093084747072
211130005001040;0.0749962;699;31;102.0;9320.47223726002
211130005001041;0.0713089;349;18;31.0;4894.199742248163
211130005001042;0.8164878;388;47;30.0;475.206120654834
211130005001043;0.529134;80;5;20.0;151.19043569303807
211130005001044;0.076464;681;24;107.0;8906.15191462649
211130005001045;0.0420039;393;17;66.0;9356.274060265832
211130005001046;0.0916251;788;60;49.0;8600.263464923913
211130005001047;0.0588264;842;56;87.0;14313.30151088627
211130005001050;0.0277436;801;60;55.0;28871.523522542135
211130005001051;0.04316;736;47;96.0;17052.82669138091
211130005001052;0.0693661;768;36;114.0;11071.690638510743
211130005001053;0.1340242;531;15;110.0;3961.971047019866
211130005001054;0.1241426;906;48;112.0;7298.0588452312095
211130005001055;0.2945465;470;22;43.0;1595.6733486902747
211130005001059;0.0886045;795;46;94.0;8972.456252221953
211130005001061;0.0213551;505;46;54.0;23647.746908232697
211130005001062;0.0546358;595;30;84.0;10890.295374095374
211130005001063;0.0380839;271;8;65.0;7115.867860171884
211130005001065;0.1976236;754;46;102.0;3815.3337961660445
211130005001066;0.0343914;594;38;43.0;17271.75980041522
211130005001067;0.2792555;806;58;68.0;2886.2457498598956
211130005001068;0.4045935;731;37;126.0;1806.7517149929497
211130005001070;0.0328152;344;14;24.0;10482.946927033812
211130005001071;0.0603631;592;44;56.0;9807.316058983053
211130005001072;0.0268186;302;18;25.0;11260.84135637207
211130005001073;0.078829;482;19;38.0;6114.501008512096
211130005001075;0.4222073;569;18;79.0;1347.6792087678257
211130005001078;0.3364585;646;54;46.0;1919.99904891688
211130005001079;0.3214718;555;40;90.0;1726.4344804116568
211130005001080;0.0199661;X;X;;
211130005001081;0.1307902;385;21;56.0;2943.6456248251015
211130005001082;0.3831731;420;20;99.0;1096.1103480385236
211130005001083;0.0255048;427;20;70.0;16741.946613970704
211130005001084;0.0129232;191;9;15.0;14779.621146465273
211130005001085;0.0610078;645;42;65.0;10572.41860876806
211130005001086;0.0843904;609;41;82.0;7216.460640072804
211130005001090;0.2997631;815;62;59.0;2718.8136231577537
211130005001091;0.5597923;428;26;18.0;764.569287573266
211130005001092;0.1092597;252;22;31.0;2306.431374056491
211130005001093;0.1009583;285;18;40.0;2822.947692265024
211130005001094;0.0970133;572;27;83.0;5896.098782331907
211130005001095;0.011734;93;16;6.0;7925.686040565877
211130005001096;0.0500252;761;38;120.0;15212.332984175975
211130005001097;0.0757589;723;30;135.0;9543.433180787999
211130005001098;0.147439;734;47;91.0;4978.330021229119
211130005001099;0.120523;834;44;69.0;6919.84102619417
211130005001100;0.7131169;231;16;23.0;323.9300597139122
211130005001102;0.0265694;476;41;14.0;17915.34622535699
211130005001105;4.1211416;207;22;14.0;50.22880067988928
211130005001107;3.2877151;475;51;45.0;144.47723891890755
211130005001108;4.1635303;278;30;16.0;66.77025984415198
211130005001110;0.9344128;456;40;45.0;488.00701360255334
211130005001111;2.911052;288;21;41.0;98.93330658469858
211130005001113;0.08998;359;12;106.0;3989.775505667926
211130005001114;0.0280962;81;0;28.0;2882.952142994426
211130005001115;0.0448278;374;20;92.0;8343.03713320752
211130005001116;0.070778;586;46;28.0;8279.408855859167
211130005001118;0.059298;493;40;36.0;8313.93976188067
211130005001119;0.0455856;380;20;26.0;8335.965743568146
211130005001120;12.0698553;46;3;4.0;3.811147595116571
211130005001122;10.98902;161;6;16.0;14.65098798618985
211130005001123;15.6950756;1052;82;122.0;67.0273929741377
211130005001124;0.6032008;343;33;25.0;568.6331980992068
211130005001125;0.800824;625;57;51.0;780.4461404753105
211130005001126;0.2482714;187;9;26.0;753.2079812656633
211130005001127;0.0534795;779;58;34.0;14566.329154161875
211130005001128;0.0204414;893;63;37.0;43685.85321944681
211130005001129;0.0228743;761;41;54.0;33268.77762379614
211130005001130;0.0131061;332;23;;25331.715765941048
211130005001131;0.0692237;436;20;84.0;6298.420916535811
211130005001132;0.0624133;596;64;50.0;9549.246715043108
211130005001133;0.0885966;211;9;50.0;2381.581234494326
211130005001134;0.0218989;452;23;94.0;20640.30613409806
211130005001135;0.0559475;396;26;58.0;7078.0642566691995
211130005001138;0.0513189;579;31;115.0;11282.393036483634
211130005001139;0.0207947;779;64;95.0;37461.46854727407
211130005001140;0.0093736;269;21;33.0;28697.6188444141
211130005001141;0.0093079;305;19;49.0;32767.863857583347
211130005001142;0.01059;284;14;37.0;26817.75259678942
211130005001145;0.005695;299;10;26.0;52502.19490781387
211130005001146;0.0079355;325;20;25.0;40955.201310566445
211130005001147;0.0081666;319;21;25.0;39061.54335953763
211130005001148;0.0060129;298;15;20.0;49560.11242495302
211130005001149;0.0070142;323;16;41.0;46049.442559379546
211130005001150;0.0067424;314;21;32.0;46570.953962980544
211130005001151;0.0071198;310;19;26.0;43540.54889182281
211130005001152;0.006507;326;22;36.0;50099.892423543875
211130005001153;0.0315213;560;45;46.0;17765.76473686047
211130005001154;0.0161074;393;34;59.0;24398.723568049467
211130005001155;0.0159241;692;55;74.0;43456.14508826244
211130005001156;0.0143318;460;35;58.0;32096.45683026556
211130005001157;0.0150485;444;34;32.0;29504.601787553576
211130005001158;0.0094852;443;33;34.0;46704.33939189475
211130005001159;0.0161206;403;22;46.0;24999.069513541683
211130005001160;0.0551302;365;26;29.0;6620.690655938125
211130005001161;0.1635119;60;0;;366.9457696962729
211130005001162;0.2419812;629;55;67.0;2599.375488674327
211130005001163;0.0099778;435;19;38.0;43596.78486239452
211130005001164;0.0079743;353;14;29.0;44267.208407007514
211130005001165;0.0104353;410;33;17.0;39289.71855145516
211130005001166;0.009998;514;27;30.0;51410.282056411284
211130005001167;0.0118222;269;4;16.0;22753.80216880107
211130005001168;0.0884866;513;28;122.0;5797.487981231056
211130005001169;0.1305759;909;66;132.0;6961.468387351724
211130005001170;0.0230265;461;32;49.0;20020.41126528131
211130005001171;0.0084775;550;35;58.0;64877.61722205838
211130005001172;0.0120554;330;14;42.0;27373.625097466695
211130005001173;0.0101305;403;28;42.0;39780.85977987266
211130005001174;0.0082793;580;36;75.0;70054.23163794041
211130005001175;0.0109219;453;26;48.0;41476.29991118761
211130005001176;0.0123782;475;30;47.0;38373.91543196911
211130005001177;0.0141485;451;30;45.0;31876.170618793512
211130005001178;0.0111938;477;28;48.0;42612.874984366346
211130005001179;0.0096138;584;46;64.0;60746.01094260334
211130005001180;0.0085257;400;25;39.0;46916.968694652634
211130005001181;0.0091438;434;40;28.0;47463.85528992322
211130005001182;0.0107121;450;35;37.0;42008.569748228634
211130005001183;0.0839145;892;56;101.0;10629.867305412055
211130005001184;0.0198884;618;42;46.0;31073.389513485246
211130005001185;0.014945;255;15;41.0;17062.56273001004
211130005001187;0.0173706;551;30;30.0;31720.26297306944
211130005001188;0.034822;X;X;;
211130005001189;0.2801223;599;30;71.0;2138.3517128054427
211130005001190;0.081282;457;28;49.0;5622.401023596861
211130005001191;0.0077668;620;35;47.0;79826.95576041614
211130005001192;0.005148;311;20;23.0;60411.81041181042
211130005001193;0.0057748;388;21;31.0;67188.47405970769
211130005001194;0.0059384;362;24;25.0;60959.18092415466
211130005001196;0.0111458;318;12;32.0;28530.926447630496
211130005001197;0.0247674;291;9;25.0;11749.315632646141
211130005001198;0.0615002;430;26;75.0;6991.847180984778
211130005001199;0.0420769;756;44;92.0;17967.10308981888
211130005001200;0.1121522;539;33;70.0;4805.969031369871
211130005001201;0.0650978;551;32;95.0;8464.187729846477
211130005001202;0.2569743;767;51;101.0;2984.734271092479
211130005001203;0.1274175;571;46;51.0;4481.331057350835
211130005001204;0.0467557;591;40;44.0;12640.170075520206
211130005001205;0.0340752;538;21;78.0;15788.60872423346
211130005001206;0.1157608;631;46;61.0;5450.895294434731
211130005001207;0.1156227;640;48;74.0;5535.245241635077
211130005001209;0.1060923;1032;67;59.0;9727.378895546613
211130005001210;0.0408646;726;52;87.0;17765.988165796312
211130005001211;0.0127576;375;19;25.0;29394.2434313664
211130005001212;0.0091843;452;25;25.0;49214.42026066222
211130005001213;0.1290295;495;30;74.0;3836.332001596534
211130005001214;0.035637;721;43;76.0;20231.781575329012
211130005001215;0.0540863;759;54;58.0;14033.128537171151
211130005001216;0.0142853;227;20;20.0;15890.460823363877
211130005001218;0.4551108;386;33;42.0;848.145111036697
211130005001219;0.0433093;583;34;62.0;13461.312004581001
211130005001220;0.03517;524;34;49.0;14899.061700312766
211130005001221;0.0683668;278;18;55.0;4066.3011871259146
211130005001223;0.0096735;278;13;30.0;28738.305680467256
211130005001224;0.1008519;622;40;85.0;6167.459413258452
211130005001225;0.0108182;385;27;24.0;35588.17548205801
211130005001226;0.0107192;392;29;19.0;36569.893275617585
211130005001227;0.0130985;357;21;25.0;27255.029201817
211130005001228;0.0117154;315;21;15.0;26887.68629325503
211130005001229;0.0121131;400;19;21.0;33022.100040452075
211130005001230;0.0109973;363;20;10.0;33008.10198866995
211130005001231;0.0715564;367;18;25.0;5128.821461113192
211130005001232;0.0739758;560;32;82.0;7570.0431762819735
211130005001233;0.054107;422;25;40.0;7799.360526364426
211130005001234;0.0803178;736;45;61.0;9163.597608500233
211130005001235;0.0852133;635;41;57.0;7451.888378926763
211130005001237;0.0753524;647;36;115.0;8586.32239981739
211130005001238;0.0359648;523;26;103.0;14541.996618916275
211130005001239;0.0540613;689;41;98.0;12744.79156069129
211130005001240;0.0594716;447;22;24.0;7516.192602855817
211130005001241;0.0628723;777;51;70.0;12358.383580686565
211130005001242;0.0522629;474;38;38.0;9069.53115881438
211130005001243;0.0959176;929;87;55.0;9685.396632109227
211130005001244;0.0584798;588;27;54.0;10054.753949226913
211130005001245;0.1120427;1055;80;96.0;9416.052986941586
211130005001246;0.1111397;864;49;70.0;7773.999749864361
211130005001247;0.0959539;882;55;82.0;9191.914033718276
211130005001248;0.067692;641;40;64.0;9469.3612243692
211130005001249;0.0155047;494;59;16.0;31861.306571555724
211130005001250;0.0191522;616;71;26.0;32163.406814882885
211130005001251;0.0216522;730;80;16.0;33714.81881748737
211130005001252;0.02666;634;71;15.0;23780.94523630908
211130005001253;0.3606069;549;44;66.0;1522.4334309742826
211130005001254;0.0677787;826;96;35.0;12186.719426604524
211130005001255;0.1369441;608;42;47.0;4439.767759253593
211130005001258;0.0745793;520;28;47.0;6972.444096418175
211130005001259;0.0276555;682;51;61.0;24660.555766484063
211130005001262;0.0689885;707;38;119.0;10248.084825731825
211130005001263;0.0211336;698;37;46.0;33027.97441041753
211130005001264;0.0106155;407;19;30.0;38340.16296924309
211130005001265;0.0120366;389;11;25.0;32318.09647242577
211130005001266;0.0177174;1116;93;120.0;62988.92614040434
211130005001267;0.0193202;127;11;11.0;6573.430916864215
211130005001268;0.0357572;577;25;74.0;16136.610249124651
211130005001269;0.0355166;598;36;102.0;16837.197254241677
211130005001270;0.0191535;632;34;69.0;32996.5802594826
211130005001271;0.4076676;462;33;42.0;1133.2762279857413
211130005001272;0.0124275;377;25;23.0;30335.948501307586
211130005001273;0.0112101;456;47;11.0;40677.60323279899
211130005001274;0.1681995;864;41;108.0;5136.757243630332
211130005001275;0.0780076;580;21;77.0;7435.172983145232
211130005001276;0.015383;281;12;22.0;18266.91802639277
211130005001277;0.0217348;463;18;47.0;21302.243406886653
211130005001278;0.0172706;477;36;26.0;27619.1909951015
211130005001279;0.0133524;490;32;21.0;36697.52254276384
211130005001280;0.0133414;412;26;28.0;30881.316803333983
211130005001282;0.0173468;637;50;30.0;36721.47024235017
211130005001283;0.144366;579;35;82.0;4010.6396242882674
211130005001284;0.0993044;606;25;50.0;6102.448632688985
211130005001285;0.085266;602;39;45.0;7060.258485210988
211130005001286;0.0676447;718;51;73.0;10614.283158917106
211130005001287;0.0206004;582;27;36.0;28251.878604298945
211130005001288;0.0157093;575;28;31.0;36602.52207291222
211130005001289;0.0161878;558;35;26.0;34470.403637307114
211130005001290;0.0130798;513;38;25.0;39220.78319240355
211130005001291;0.0125112;335;21;16.0;26776.0086962082
211130005001292;0.0135073;411;24;19.0;30427.990790165317
211130005001294;1.8641281;1216;83;134.0;652.3156858157977
211130005001295;0.0341532;691;61;17.0;20232.364756450348
211130005001296;0.0367274;737;56;50.0;20066.762144883654
211130005001297;0.0304674;734;55;53.0;24091.323841220452
211130005001298;0.2102603;1257;176;149.0;5978.3040355216835
211130005001300;0.086839;993;100;59.0;11434.95434079158
211130005001301;0.0560651;667;54;32.0;11896.88415788075
211130005001302;0.0519026;649;63;38.0;12504.190541514297
211130005001303;0.0605735;667;59;38.0;11011.41588318324
211130005001304;0.0504472;655;66;34.0;12983.872246626177
211130005001305;0.0401165;544;45;30.0;13560.505029102738
211130005001306;0.0479106;619;63;17.0;12919.896640826873
211130005001307;0.04607;454;37;42.0;9854.569133926634
211130005001308;0.0234429;676;85;35.0;28836.022847002718
211130005001309;0.02058;485;55;25.0;23566.56948493683
211130005001310;0.0493994;749;68;36.0;15162.127475232492
211130005001311;0.0197277;641;74;28.0;32492.383805512047
211130005001312;0.0216563;433;35;22.0;19994.18183161482
211130005001313;0.0448169;585;59;16.0;13053.11166100288
211130005001314;0.0481845;541;51;27.0;11227.676950056553
211130005001315;0.0380188;447;37;20.0;11757.341104927036
211130005001316;0.0120997;565;70;8.0;46695.37261254412
211130005001317;0.0401726;600;54;29.0;14935.553088423452
211130005001318;0.0523302;681;46;30.0;13013.518006810598
211130005001319;0.0482563;351;23;17.0;7273.661677335394
211130005001320;0.0100693;382;28;20.0;37937.0959252381
211130005001321;0.0391201;485;33;17.0;12397.718819737169
211130005001322;0.0170267;310;20;12.0;18206.698890565996
211130005001323;0.0221612;502;29;14.0;22652.202949298775
211130005001324;0.0165567;500;36;23.0;30199.254682394436
211130005001326;2.759519;547;44;57.0;198.22295117373716
211130005001327;0.2117266;863;76;82.0;4076.0112333547136
211130005001328;0.1751983;652;40;88.0;3721.4972976335957
211130005001329;0.0258134;501;40;33.0;19408.524254844382
211130005001330;0.0212036;655;34;37.0;30890.980776849214
211130005001331;0.0105366;348;18;39.0;33027.73190592791
211130005001333;0.0317145;514;34;96.0;16207.097699790316
211130005001336;5.2123118;516;53;38.0;98.99638007073943
211130005001339;0.0186649;388;34;;20787.681691302925
211130005001340;0.031602;386;45;;12214.416809062719
211130005001341;0.0161579;285;29;10.0;17638.430736667513
211130005001342;0.0172225;301;26;14.0;17477.13746552475
211130005001343;0.0182431;332;30;14.0;18198.661411711822
211130005001344;0.0207494;292;32;;14072.69607795888
211130005001345;0.0730581;748;52;40.0;10238.426676850342
211130005001346;0.067659;954;75;43.0;14100.119717997606
211130005001347;0.0677801;737;76;35.0;10873.39794423437
211130005001348;0.1264975;837;95;26.0;6616.731555959604
211130005001349;0.2551005;512;56;43.0;2007.0521225948205
211130005001351;0.0112711;321;21;;28479.91766553398
211130005001352;0.0140326;462;37;27.0;32923.33566124596
211130005001353;0.0126526;310;21;13.0;24500.89309707096
211130005001354;0.0143194;429;23;31.0;29959.3558389318
211130005001355;0.0126121;341;17;24.0;27037.527453794373
211130005001356;0.0178394;465;25;43.0;26065.899077323233
211130005001357;0.0111183;438;39;27.0;39394.511750897174
211130005001358;0.0125845;457;28;36.0;36314.51388612976
211130005001359;0.1016916;418;30;19.0;4110.4673345684405
211130005001360;3.7269309;190;15;28.0;50.98028514561405
211130005001361;0.0094376;206;19;;21827.58328388573
211130005001362;1.1634851;31;6;;26.644088523351094
211130005001363;4.6678115;451;36;44.0;96.61915439387387
211130005001364;1.7233875;53;4;;30.753385411000135
211130005001365;0.0586837;24;0;;408.9721677399346
211130005001366;0.1590814;101;4;;634.8950914437514
211130005001367;0.0167005;505;29;40.0;30238.61561031107
211130005001368;0.0176642;521;22;36.0;29494.684163449234
211130005001369;0.0108047;292;13;17.0;27025.276037280073
211130005001370;0.0261296;275;17;;10524.462678341804
211130005001371;0.2948378;X;X;;
211130005001372;1.0781827;136;9;15.0;126.13817676725847
211130005001373;0.133991;907;70;57.0;6769.111358225552
211130005001374;0.1373347;985;74;57.0;7172.258722668051
211130005001375;0.0432904;779;49;102.0;17994.7517232458
211130005001376;0.0305742;374;22;65.0;12232.535928985877
211130005001377;0.1037199;465;21;77.0;4483.228387223667
211130005001378;0.100192;616;37;84.0;6148.195464707761
211130005001379;0.0595058;776;46;88.0;13040.745607991154
211130005001380;0.0460348;397;25;62.0;8623.910606758365
211130005001381;0.3066595;894;71;83.0;2915.285520259441
211130005001382;0.3003404;509;37;41.0;1694.7436974845875
211130005001383;0.0789461;581;64;23.0;7359.451575188641
211130005001384;0.0809739;1010;71;78.0;12473.154930168857
211130005001385;0.0763308;683;66;24.0;8947.895213989634
211130005001386;0.0652431;388;27;26.0;5946.989030257606
211130005001387;0.0909939;658;57;35.0;7231.253963177751
211130005001388;0.1040441;659;42;20.0;6333.852664399038
211130005001389;0.1262291;811;76;50.0;6424.8259711904775
211130005001390;0.051963;921;51;77.0;17724.149875873216
211130005001391;0.0610762;786;50;82.0;12869.169987654766
211130005001392;0.0633567;669;44;68.0;10559.262082778932
211130005001393;0.1627476;691;48;75.0;4245.838341087672
211130005001394;0.1995655;1146;99;121.0;5742.475528084764
211130005001396;1.7431935;737;76;55.0;422.7872579836949
211130005001397;0.2885536;830;75;52.0;2876.4153349672292
211130005001398;0.0774357;678;59;70.0;8755.651463084856
211130005001399;0.0986043;490;44;51.0;4969.357320116871
211130005001400;0.0959301;697;58;64.0;7265.707009583019
211130005001401;0.1929989;563;29;74.0;2917.1150716403044
211130005001402;0.4031897;390;26;54.0;967.2866147126279
211130005001404;0.1007493;743;59;45.0;7374.741065198468
211130005001405;0.0903633;812;59;54.0;8985.94894166105
211130005001406;0.0093998;541;36;16.0;57554.41605140535
211130005001407;0.0088124;564;56;26.0;64000.72624937588
211130005001408;0.0095783;525;40;21.0;54811.39659438522
211130005001409;0.0103984;502;41;13.0;48276.657947376516
211130005001410;0.0100317;482;45;13.0;48047.68882642025
211130005001411;0.0113772;504;49;17.0;44299.12456491931
211130005001412;0.0328028;643;61;20.0;19601.985196385674
211130005001413;0.1455273;524;40;18.0;3600.6989753812513
211130005001415;0.0110234;221;15;19.0;20048.26097211387
211130005001416;0.00884;372;26;31.0;42081.4479638009
211130005001417;0.0123668;403;25;33.0;32587.249733156514
211130005001418;0.055372;305;19;20.0;5508.199089792675
211130005001419;0.1677308;653;52;45.0;3893.143060189303
211130005001420;0.0190269;442;28;44.0;23230.268724805406
211130005001421;0.1599193;542;40;20.0;3389.2094325075213
211130005001422;0.0570251;341;37;20.0;5979.82292008256
211130005001423;0.0809437;355;30;20.0;4385.7644263852535
211130005001424;0.0489498;504;44;38.0;10296.262701788362
211130005001425;0.0580729;611;56;34.0;10521.258624935212
211130005001426;0.1453166;366;47;11.0;2518.638613895453
211130005001427;0.1304415;565;64;28.0;4331.443597321405
211130005001428;0.1460359;223;32;;1527.021780260881
211130005001429;0.0486959;536;57;25.0;11007.086838933052
211130005001430;0.3405293;209;21;9.0;613.7504173649669
211130005001431;0.0986518;167;22;11.0;1692.8226347618595
211130005001432;0.1447408;111;16;;766.8881200048638
211130005001433;0.0793708;126;8;;1587.4855740398232
211130005001434;2.7946364;602;65;39.0;215.41263829527162
211130005001435;0.1409087;122;15;;865.8088535342389
211130005001436;0.0474324;569;58;24.0;11996.019598417959
211130005001437;0.0642138;765;58;40.0;11913.327041850816
211130005001438;0.3029263;441;46;26.0;1455.7996449961593
211130005001439;0.2472088;400;25;41.0;1618.0653763134646
211130005001440;0.0315946;620;37;99.0;19623.606565678943
211130005001441;0.0437866;500;37;40.0;11419.018603865108
211130005001442;0.0543286;729;59;53.0;13418.346874390285
211130005001443;0.0545513;723;104;25.0;13253.579658046647
211130005001444;0.1337191;473;58;18.0;3537.265805707636
211130005001445;0.0527461;542;51;17.0;10275.641232242764
211130005001446;0.0517293;601;60;33.0;11618.173839584144
211130005001447;0.0533199;525;67;16.0;9846.230019186081
211130005001448;0.0657891;333;37;;5061.6287500513
211130005001449;0.0794835;507;65;23.0;6378.68236803865
211130005001450;0.0624429;605;89;14.0;9688.851734945045
211130005001452;1.2831255;363;19;50.0;282.9029584401526
211130005001453;0.0165257;690;83;11.0;41753.148126856955
211130005001454;0.016234;124;12;5.0;7638.290008623877
211130005001455;0.0752835;512;31;105.0;6800.959041489835
211130005001456;0.0583014;464;33;88.0;7958.642502581412
211130005001457;0.0435662;611;19;138.0;14024.633775725219
211130005001458;0.0250865;442;24;64.0;17619.038128076852
211130005001459;0.230191;1144;92;65.0;4969.785960354662
211130005001460;0.0627763;702;52;57.0;11182.564120535935
211130005001461;0.0317226;266;9;48.0;8385.189108080674
211130005001462;0.0500565;226;13;38.0;4514.898165073468
211130005001463;0.0727709;183;8;23.0;2514.741469461007
211130005001464;0.1074141;250;11;37.0;2327.4411832338587
211130005001465;0.8627376;891;86;58.0;1032.75897561437
211130005001467;0.0476574;518;28;60.0;10869.245909344614
211130005001468;0.0419869;560;25;54.0;13337.49336102451
211130005001469;0.9069193;452;37;55.0;498.3905403711223
211130005001471;0.0107607;419;42;12.0;38937.98730565856
211130005001474;4.9946921;291;26;37.0;58.26184961431356
211130005001475;0.0149332;575;57;10.0;38504.80807864356
211130005001477;0.2544877;682;48;56.0;2679.8937630384494
211130005001478;0.2517251;431;31;56.0;1712.1852369906696
211130005001479;0.119982;528;41;35.0;4400.660099014852
211130005001480;0.1506606;716;22;221.0;4752.40374723053
211130005001481;0.0075594;162;12;16.0;21430.272243828877
211130005001483;0.6114603;871;66;80.0;1424.4587915192533
211130005001484;0.0173367;229;9;51.0;13208.972872576673
211130005001485;0.0213101;743;36;136.0;34866.096358064955
211130005001486;0.0525877;614;51;57.0;11675.734059485392
211130005001487;0.0324346;403;23;32.0;12425.002928970913
211130005001488;0.1582626;731;87;33.0;4618.905540538321
211130005001490;1.8705414;1421;119;96.0;759.6731085449378
211130005001491;1.2006041;277;10;40.0;230.71718645638472
211130005001492;0.0328443;433;24;53.0;13183.413864810636
211130005001493;0.1027011;423;25;49.0;4118.7484846803
211130005001494;0.0775445;1038;80;67.0;13385.862311318017
211130005001495;0.0997097;684;39;56.0;6859.914331303775
211130005001496;0.0819795;508;31;54.0;6196.671118999262
211130005001497;0.2147886;379;24;59.0;1764.5256778059916
211130005001498;0.015771;119;3;20.0;7545.494895694629
211130005001499;0.0121013;783;71;;64703.7921545619
211130005001500;0.0094886;571;51;23.0;60177.47612924984
211130005001501;0.0109149;599;57;22.0;54879.11020714803
211130005001502;0.0273876;579;49;29.0;21140.95430048635
211130005001503;0.0647502;679;43;56.0;10486.454095894685
211130005001504;0.0807998;435;49;21.0;5383.67669226904
211130005001506;0.0422824;233;24;19.0;5510.567044444024
211130005001507;0.0720324;300;26;16.0;4164.79251003715
211130005001508;0.1247;490;38;32.0;3929.4306335204487
211130005001509;0.0120691;379;22;37.0;31402.507229205163
211130005001510;0.0096939;252;15;17.0;25995.729273048
211130005001511;0.055256;667;46;43.0;12071.087302736354
211130005001512;0.0332464;705;32;115.0;21205.303431348955
211130005001513;0.0154777;347;17;61.0;22419.351712463736
211130005001514;0.0177379;416;19;57.0;23452.60712936706
211130005001515;0.033237;699;26;121.0;21030.778951168875
211130005001516;0.048196;660;41;37.0;13694.082496472736
211130005001517;0.0544599;561;35;40.0;10301.157365327517
211130005001518;0.0352151;672;37;72.0;19082.723036424715
211130005001519;0.0867439;934;81;75.0;10767.327731402438
211130005001520;0.1326137;468;33;28.0;3529.047149728874
211130005001521;0.0301946;727;44;99.0;24077.15286839369
211130005001522;0.2031062;724;29;198.0;3564.6376132289415
211130005001523;0.2205046;655;53;38.0;2970.4595731789723
211130005001524;1.5135417;768;50;124.0;507.4191216535362
211130005001525;0.0656104;161;4;41.0;2453.8792630436637
211130005001526;0.1926489;993;53;138.0;5154.454554373267
211130005001527;0.0072841;274;26;17.0;37616.177702118315
211130005001528;0.0421004;540;40;23.0;12826.481458608469
211130005001529;0.0367493;565;48;27.0;15374.442506387877
211130005001530;0.0457549;678;58;21.0;14818.085057556676
211130005001531;0.2404565;499;42;34.0;2075.2194263827346
211130005001532;0.4498669;965;72;89.0;2145.078911117933
211130005001533;0.0201532;447;31;9.0;22180.100430700833
211130005001534;0.0157353;407;34;18.0;25865.41089143518
211130005001535;5.5279046;238;20;31.0;43.05428859969834
211130005001536;0.2046736;754;51;38.0;3683.9142908513845
211130005001537;0.0136077;330;25;;24250.975550607374
211130005001538;0.0322699;660;41;39.0;20452.495979225223
211130005001539;4.1038299;348;23;61.0;84.79883632603779
211130005001541;0.107531;607;42;82.0;5644.883800950423
211130005001542;0.2697534;1135;74;142.0;4207.546596261623
211130005001543;0.0190221;516;39;9.0;27126.34251738767
211130005001544;0.0084317;210;5;14.0;24906.009464283594
211130005001545;0.090457;456;16;97.0;5041.069237317179
211130005001546;0.1263377;390;18;24.0;3086.9645402757847
211130005001547;0.1017438;502;38;47.0;4933.961578002788
211130005001548;0.0195654;252;13;17.0;12879.879787788646
211130005001549;0.2321931;496;32;38.0;2136.153055366417
211130005001550;0.136537;322;35;23.0;2358.3351033053314
211130005001551;0.1874091;178;9;19.0;949.7937933643564
211130005001552;0.1010266;601;33;62.0;5948.928302051143
211130005001553;0.125357;250;12;27.0;1994.3042670134098
211130005001554;0.2598852;684;58;48.0;2631.9313296794126
211130005001555;0.1082133;238;25;13.0;2199.3599677673633
211130005001556;0.0629463;370;17;31.0;5878.026190578319
211130005001557;0.8443852;33;X;;39.081689257462116
211130005001558;0.314546;578;57;32.0;1837.5690677993045
211130005001559;0.0985784;221;10;23.0;2241.8704300333543
211130005001560;0.6022234;170;8;27.0;282.28727080349256
211130005001561;0.0621632;712;52;46.0;11453.721816122721
211130005001562;0.1410324;711;63;43.0;5041.394743335574
211130005001563;0.1086292;552;43;24.0;5081.506629893252
211130005001564;0.3126553;406;13;73.0;1298.554670271062
211130005001565;0.012449;284;10;38.0;22813.07735561089
211130005001566;0.0295984;474;21;72.0;16014.379155630033
211130005001567;0.2614553;404;15;80.0;1545.1972096186232
211130005001568;0.0282959;686;41;101.0;24243.79503744359
211130005001569;0.0313823;732;45;64.0;23325.25022066579
211130005001570;0.0144211;469;23;68.0;32521.790986817927
211130005001571;0.0601557;97;11;;1612.4822751626198
211130005001572;0.119854;148;9;24.0;1234.8357167887596
211130005001573;0.1984469;430;36;34.0;2166.826491116767
211130005001574;0.0410813;587;32;51.0;14288.739645532152
211130005001575;0.0312449;505;47;42.0;16162.637742479574
211130005001576;0.1603886;273;18;35.0;1702.1159857994896
211130005001577;0.2112404;445;18;113.0;2106.604607830699
211130005001578;0.0583849;662;60;60.0;11338.548152005056
211130005001579;0.036128;403;12;55.0;11154.782993799823
211130005001580;0.0587174;267;4;84.0;4547.204065575111
211130005001581;0.0523648;220;10;51.0;4201.295526766072
211130005001582;0.0379876;615;38;45.0;16189.493413640239
211130005001583;0.0356089;404;29;45.0;11345.478237182278
211130005001584;0.028006;431;25;34.0;15389.559380132829
211130005001585;0.0342564;554;41;42.0;16172.160530586985
211130005001586;0.0396206;773;43;97.0;19510.052851294527
211130005001587;0.1439686;835;29;98.0;5799.8758062521965
211130005001588;0.1085917;275;15;38.0;2532.421907014993
211130005001589;0.0832461;669;26;90.0;8036.4125166224
211130005001590;0.0873877;322;11;63.0;3684.7290865877007
211130005001591;0.0666666;430;32;33.0;6450.006450006449
211130005001592;0.0995018;586;49;44.0;5889.3406953442045
211130005001593;0.0321565;251;9;61.0;7805.575855581298
211130005001594;0.0579442;897;48;133.0;15480.410463860058
211130005001595;0.1553358;203;4;50.0;1306.8462002963902
211130005001596;0.0569779;213;12;45.0;3738.291513025226
211130005001597;0.0723913;301;13;52.0;4157.9582076851775
211130005001598;0.0295379;176;5;27.0;5958.446605885997
211130005001599;0.028562;235;14;47.0;8227.71514599818
211130005001600;0.2538183;371;10;99.0;1461.675537185459
211130005001602;0.1127993;42;X;6.0;372.342736169462
211130005001603;0.2997178;684;51;67.0;2282.1467393661637
211130005001604;0.1910316;893;86;39.0;4674.619277648306
211130005001605;0.1860186;683;42;58.0;3671.675843168371
211130005001606;0.286882;437;34;56.0;1523.2743776186724
211130005001607;0.229259;116;12;15.0;505.97795506392333
211130005001608;0.1107181;875;60;93.0;7902.953536955565
211130005001609;0.3819697;336;25;30.0;879.6509251911866
211130005001610;2.3362737;336;29;49.0;143.81876575505686
211130005001611;0.2036246;413;61;28.0;2028.2421672037663
211130005001613;0.1699087;453;31;36.0;2666.1377551590945
211130005001614;0.1814696;586;35;79.0;3229.191004994776
211130005001615;0.0598229;643;38;88.0;10748.392338051148
211130005001616;0.0903992;613;44;87.0;6781.0334604731015
211130005001618;0.7904889;452;34;43.0;571.7980353677325
211130005001619;0.5013733;692;71;36.0;1380.2091176374968
211130005001620;0.0297134;384;24;41.0;12923.462141659991
211130005001621;0.0541443;734;48;86.0;13556.366967529362
211130005001622;0.0569473;619;45;65.0;10869.69882681005
211130005001623;0.0704196;753;58;68.0;10693.045686144198
211130005001624;0.0413262;394;25;70.0;9533.90343172128
211130005001625;0.0849277;654;47;89.0;7700.667744446158
211130005001626;0.0756382;674;44;85.0;8910.841347361518
211130005001627;0.015606;425;24;14.0;27233.115468409585
211130005001628;0.2447622;478;28;88.0;1952.9159322803928
211130005001629;0.0756614;435;15;64.0;5749.298849875894
211130005001630;0.1184164;286;13;61.0;2415.2060018713623
211130005001631;0.0767887;535;24;82.0;6967.170950934187
211130005001632;0.0194124;415;21;82.0;21378.088232263915
211130005001633;0.0235656;650;30;117.0;27582.577995043623
211130005001634;0.0445888;210;12;24.0;4709.702885029425
211130005001635;0.3803164;647;30;58.0;1701.2150935379068
211130005001636;0.030322;440;26;34.0;14510.916166479783
211130005001637;0.0122261;404;11;17.0;33044.0614750411
211130005001638;0.095354;707;21;120.0;7414.4765819997065
211130005001639;0.0598274;518;26;81.0;8658.240204321097
211130005001640;0.0768821;896;44;183.0;11654.208196706386
211130005001641;0.1021546;127;6;19.0;1243.213717248171
211130005001642;0.096894;495;29;64.0;5108.675459780791
211130005001643;0.0373699;585;33;52.0;15654.310019561199
211130005001644;0.0384051;230;8;51.0;5988.787947434065
211130005001645;0.0417633;498;24;79.0;11924.345058939307
211130005001646;0.0625024;926;47;140.0;14815.431087446243
211130005001647;0.0227389;354;21;47.0;15568.035393092894
211130005001648;0.0710527;680;48;86.0;9570.361154467037
211130005001649;0.1831259;493;24;79.0;2692.1369396682826
211130005001650;0.1177466;534;29;81.0;4535.162798755972
211130005001651;0.0587875;509;41;95.0;8658.303210716564
211130005001652;0.2192683;169;13;28.0;770.7452468049418
211130005001653;0.4758584;609;47;72.0;1279.79247608112
211130005001654;0.0582904;675;29;109.0;11579.951415670505
211130005001655;0.0738667;418;21;55.0;5658.842211713804
211130005001656;0.0775673;559;48;88.0;7206.645068218179
211130005001658;0.2904637;560;33;64.0;1927.951754384455
211130005001659;0.1669225;776;53;70.0;4648.863993769563
211130005001660;0.2673594;516;36;56.0;1929.9863778868444
211130005001661;0.2834289;1005;89;90.0;3545.8628248566047
211130005001662;1.0053689;50;8;;49.7329885577324
211130005001663;0.0154561;393;22;34.0;25426.854122320638
211130005001666;0.0498428;484;33;72.0;9710.529906024542
211130005001667;0.0539046;768;48;91.0;14247.392615843546
211130005001668;0.4005881;X;X;;
211130005001669;0.3243721;853;80;69.0;2629.695957204704
211130005001670;0.1226456;630;36;56.0;5136.7517464955945
211130005001671;0.090257;811;63;69.0;8985.452651871876
211130005001672;0.3297427;812;84;40.0;2462.526084732126
211130005001673;0.8626471;138;11;;159.9727165372723
211130005001674;0.054181;540;41;79.0;9966.593455270298
211130005001675;0.0475087;379;21;41.0;7977.486228838086
211130005001676;0.0381698;587;30;87.0;15378.65013701932
211130005001677;0.0798917;687;50;72.0;8599.14108724686
211130005001678;0.0612786;516;40;63.0;8420.55791091833
211130005001679;0.0626969;767;56;50.0;12233.459708534234
211130005001680;0.5083035;438;23;93.0;861.6899155720942
211130005001681;0.1936938;202;5;43.0;1042.8831485571557
211130005001682;0.0371065;656;34;80.0;17678.843329335832
211130005001683;0.028535;493;26;58.0;17277.028210968983
211130005001684;0.0238991;53;3;12.0;2217.6567318434586
211130005001685;0.0309914;594;51;49.0;19166.607510470647
211130005001687;0.6859684;524;46;27.0;763.8835841417767
211130005001688;0.5167877;431;25;39.0;833.9981775882051
211130005001690;0.1007191;336;30;27.0;3336.010746720334
211130005001692;0.1330383;486;31;49.0;3653.0833602052944
211130005001693;0.0322914;748;40;161.0;23164.06225806252
211130005001694;0.0380514;239;6;48.0;6280.977835243907
211130005001695;0.0293788;276;8;71.0;9394.529388538675
211130005001697;0.3942245;412;23;35.0;1045.0897902083711
211130005001699;0.0524062;749;46;106.0;14292.202067694281
211130005001700;0.0237506;435;23;73.0;18315.326770692107
211130005001701;0.0450239;577;36;83.0;12815.415812490699
211130005001702;0.0500196;656;37;92.0;13114.85897528169
211130005001703;1.6589986;713;57;60.0;429.7773367620684
211130005001704;1.9983113;673;46;69.0;336.7843638776401
211130005001705;1.9712579;449;47;53.0;227.77334208781105
211130005001706;0.0665464;585;57;27.0;8790.858709111237
211130005001707;0.0284244;467;18;77.0;16429.546446011173
211130005001708;0.0154607;254;10;30.0;16428.751608918094
211130005001709;0.0562443;1014;68;116.0;18028.493554013476
211130005001710;0.1277152;221;11;39.0;1730.4126681867153
211130005001712;0.0191674;467;43;17.0;24364.285192566545
211130005001713;0.0579164;682;80;16.0;11775.593786906646
211130005001714;0.0398568;575;41;40.0;14426.647397683708
211130005001715;0.0447684;486;30;41.0;10855.871552255609
211130005001716;0.0645414;407;14;62.0;6306.029928077172
211130005001717;0.0563533;700;45;86.0;12421.632805887144
211130005001718;0.0890079;731;30;125.0;8212.75414878904
211130005001719;0.0769956;393;14;63.0;5104.187771768777
211130005001720;0.4797883;714;27;109.0;1488.156338951992
211130005001721;0.3148077;249;9;73.0;790.9590521451667
211130005001722;0.086687;630;28;75.0;7267.525695894425
211130005001723;0.1042612;440;12;73.0;4220.170111220665
211130005001724;0.0514075;549;38;79.0;10679.375577493556
211130005001725;0.0333122;588;35;99.0;17651.19085500207
211130005001726;0.0671821;787;58;61.0;11714.429885341484
211130005001727;0.036124;287;14;23.0;7944.856605027128
211130005001728;0.0458219;446;25;63.0;9733.337116095143
211130005001729;0.0522556;434;25;58.0;8305.329955067016
211130005001730;0.6526525;453;40;;694.0906531423691
211130005001731;0.2113378;408;37;17.0;1930.5585654814236
211130005001733;0.0842297;760;38;80.0;9022.945588076414
211130005001734;0.095602;346;13;44.0;3619.1711470471328
211130005001735;0.0213716;392;23;32.0;18342.09886016957
211130005001736;0.0342784;629;50;40.0;18349.74794622853
211130005001737;0.0329315;606;53;22.0;18401.83411019844
211130005001739;0.0143581;327;27;8.0;22774.601096245326
211130005001740;0.0311179;516;51;52.0;16582.09583551589
211130005001741;0.101758;687;46;75.0;6751.311936162268
211130005001742;0.1510365;624;50;44.0;4131.451668967436
211130005001743;0.1618922;511;42;38.0;3156.421371752314
211130005001744;0.1003123;604;44;57.0;6021.195805499426
211130005001745;0.0372815;397;23;61.0;10648.713168729799
211130005001746;0.0422634;675;34;132.0;15971.265918028364
211130005001747;6.9425217;372;46;30.0;53.58283575836716
211130005001748;2.1326677;490;52;64.0;229.75918845678586
211130005001749;0.1587332;369;16;34.0;2324.6554596013943
211130005001750;0.1178558;431;26;53.0;3657.0113647355497
211130005001751;0.1553623;528;21;88.0;3398.5078748190517
211130005001752;0.1714487;421;19;35.0;2455.5450114232417
211130005001753;0.0398007;308;25;30.0;7738.5573620564455
211130005001754;0.061868;912;72;62.0;14741.0616150514
211130005001755;0.0474435;593;33;63.0;12499.077850495853
211130005001756;0.035349;578;41;75.0;16351.24048770828
211130005001757;0.0865297;572;28;102.0;6610.447048816764
211130005001758;0.0671921;269;11;55.0;4003.446833779566
211130005001759;0.049618;736;61;59.0;14833.326615341206
211130005001760;0.0334064;552;47;74.0;16523.77987451506
211130005001761;0.0453439;305;21;12.0;6726.373337979309
211130005001762;0.0267984;498;38;28.0;18583.19899695504
211130005001763;0.0538479;594;32;33.0;11031.070849559594
211130005001765;0.3973259;373;36;32.0;938.7759519326578
211130005001767;0.0693278;223;26;;3216.60286349776
211130005001769;0.0541803;630;35;92.0;11627.842592233708
211130005001770;0.5725696;660;41;64.0;1152.6982920504336
211130005001771;0.0214358;357;37;13.0;16654.3819218317
211130005001773;0.7751834;167;10;25.0;215.432889816784
211130005001774;0.0125496;464;42;11.0;36973.28998533818
211130005001775;0.0242169;731;73;18.0;30185.53159157448
211130005001776;0.0210617;291;36;;13816.548521724268
211130005001777;0.3973525;560;22;79.0;1409.3279896313727
211130005001778;0.0436012;766;61;72.0;17568.323807601624
211130005001779;0.0309986;520;33;77.0;16774.951126825083
211130005001780;0.1851056;142;7;20.0;767.1296816519867
211130005001781;0.0220178;476;26;31.0;21618.872003560755
211130005001782;0.0343773;134;11;20.0;3897.9210118304813
211130005001783;0.0657759;956;70;67.0;14534.198695874933
211130005001784;0.0250791;288;14;40.0;11483.665681782839
211130005001786;0.0569486;946;60;39.0;16611.470694626383
211130005001787;0.0754442;X;X;;
211130005001788;0.047226;668;30;94.0;14144.750772879346
211130005001790;0.0826015;478;15;109.0;5786.819851939736
211130005001791;0.0923742;657;69;22.0;7112.375533428165
211130005001793;0.0401524;253;11;36.0;6300.993215847621
211130005001794;0.057949;690;43;114.0;11907.021691487342
211130005001795;0.0329655;X;X;;
211130005001797;0.5118148;57;8;3.0;111.36840904170805
211130005001798;0.1837111;274;19;;1491.472208266131
211130005001799;0.5266338;84;6;6.0;159.50362471987174
211130005001800;0.2176922;849;83;46.0;3900.0019293295763
211130005001801;0.4755657;139;18;15.0;292.28348470043153
211130005001802;0.2518516;979;75;52.0;3887.209769562711
211130005001803;0.4957635;781;54;95.0;1575.3479229511652
211130005001804;0.133728;717;61;36.0;5361.629576453696
211130005001805;0.5080257;604;33;53.0;1188.9162300253706
211130005001806;0.1637476;406;36;23.0;2479.425652650787
211130005001807;0.2283231;X;X;;
211130005001809;0.059257;205;13;13.0;3459.5068937003225
211130005001810;0.0415947;224;21;;5385.301492738257
211130005001811;0.4738256;203;13;25.0;428.42767465497855
211130005001812;0.1107697;442;34;54.0;3990.260874589351
211130005001813;0.1004583;961;51;126.0;9566.158296527017
211130005001814;0.0574714;X;X;;
211130005001816;0.0320194;503;25;88.0;15709.226281566798
211130005001817;0.0586783;507;27;38.0;8640.332115961097
211130005001818;0.0514899;699;44;69.0;13575.477909259875
211130005001819;0.3760786;373;32;46.0;991.8139452763332
211130005001820;0.0260422;1162;82;19.0;44619.88618473093
211130005001821;0.0642389;679;53;26.0;10569.919472469173
211130005001822;0.0581359;517;40;21.0;8892.955987608346
211130005001823;0.0907674;676;51;58.0;7447.607841581889
211130005001824;0.090611;838;58;60.0;9248.325258522696
211130005001825;0.070557;571;39;38.0;8092.747707527248
211130005001826;0.122107;528;29;64.0;4324.076424774993
211130005001827;0.0832349;620;33;94.0;7448.798520812784
211130005001828;0.0830402;850;71;67.0;10236.006175322314
211130005001829;0.2517072;651;58;40.0;2586.338412250424
211130005001830;0.2094972;708;72;44.0;3379.5201081446435
211130005001831;1.4748972;440;38;39.0;298.3258765424465
211130005001832;0.6906782;421;26;50.0;609.5458058470645
211130005001833;0.1652195;279;27;16.0;1688.6626578581827
211130005001834;0.0166833;X;X;;
211130005001835;1.6759236;132;12;;78.76254024944812
211130005001836;0.042845;X;X;;
211130005001837;0.0494994;951;56;84.0;19212.354089140474
211130005001838;0.0444721;207;5;36.0;4654.60367286456
211130005001839;0.027954;572;36;31.0;20462.187880088717
211130005001840;0.0271904;512;30;29.0;18830.175356008003
211130005001841;0.0326258;649;40;101.0;19892.232527631506
211130005001842;0.0298007;506;29;63.0;16979.46692527357
211130005001843;16.2494251;928;91;102.0;57.109712761468714
211130005001844;0.0713701;370;23;17.0;5184.243821992683
211130005001845;0.0524022;868;64;127.0;16564.190053089373
211130005001846;0.0417147;421;36;40.0;10092.36552102736
211130005001847;0.0671997;790;70;61.0;11756.004863116948
211130005001848;0.0182951;344;26;27.0;18802.848850238588
211130005001849;0.0519223;768;54;107.0;14791.332433270483
211130005001850;0.0306275;439;27;53.0;14333.523793976003
211130005001851;0.0394922;592;44;66.0;14990.30188239703
211130005001852;0.0255332;530;30;72.0;20757.288549809662
211130005001853;0.0363632;594;42;61.0;16335.19602235227
211130005001854;0.0324694;547;28;60.0;16846.630981785926
211130005001855;0.1413674;705;51;75.0;4987.005490657676
211130005001856;0.0716375;337;13;37.0;4704.240097714185
211130005001857;0.0592839;524;40;41.0;8838.824706201853
211130005001858;0.0434726;598;34;76.0;13755.79100398872
211130005001859;0.066083;673;55;97.0;10184.162341298064
211130005001860;0.0627225;713;41;51.0;11367.531587548328
211130005001861;0.158693;828;41;112.0;5217.621445180317
211130005001862;0.046917;276;19;31.0;5882.729074749025
211130005001863;0.0347019;678;41;97.0;19537.835104129743
211130005001864;0.0290916;507;25;54.0;17427.71109186157
211130005001865;0.0436512;713;34;105.0;16334.02976321384
211130005001866;0.0312209;430;23;71.0;13772.825254877342
211130005001868;0.2623554;885;42;93.0;3373.2867705410295
211130005001869;0.5319272;747;52;70.0;1404.3275094787407
211130005001870;0.4506344;371;33;34.0;823.2837972422877
211130005001871;0.9561523;233;11;33.0;243.68502800233813
211130005001872;0.3386195;582;54;60.0;1718.7433092305669
211130005001873;11.3883733;X;X;;
211130005001875;1.0913749;385;34;35.0;352.7660385079408
211130005001876;0.3586236;334;37;22.0;931.3385956752428
211130005001877;0.0971589;562;39;68.0;5784.338851098561
211130005001878;0.0408871;732;58;24.0;17902.95716741955
211130005001879;0.4589117;33;4;;71.9092583605953
211130005001880;0.1172697;583;45;43.0;4971.446162137364
211130005001881;0.3676723;479;30;45.0;1302.7905556116139
211130005001882;0.1529812;714;40;65.0;4667.240157614138
211130005001883;0.1570626;555;33;85.0;3533.6228994044413
211130005001884;0.0907315;268;14;33.0;2953.770190066294
211130005001885;0.1639437;310;24;14.0;1890.8930321811695
211130005001886;0.1106254;752;58;54.0;6797.715533683946
211130005001887;0.3274204;741;56;55.0;2263.1454851316535
211130005001888;0.0883978;542;35;45.0;6131.37431022039
211130005001889;0.1504077;704;54;64.0;4680.6114314626175
211130005001890;0.0599594;669;35;94.0;11157.549942127505
211130005001891;0.7225632;522;48;41.0;722.4281557654749
211130005001892;0.059968;508;35;58.0;8471.184631803628
211130005001893;0.3171794;614;40;58.0;1935.8129815492432
211130005001894;0.0867966;634;37;92.0;7304.433583803973
211130005001895;0.5639655;530;32;42.0;939.7737982199266
211130005001896;0.162656;824;63;78.0;5065.9059610466265
211130005001897;0.1004517;918;62;100.0;9138.72039995341
211130005001898;0.0720162;321;29;10.0;4457.330433985687
211130005001899;0.0327108;734;69;45.0;22439.072110740184
211130005001900;0.0256241;384;20;20.0;14985.892187432924
211130005001901;5.1284978;110;7;10.0;21.44877589691079
211130005001902;1.555651;101;6;8.0;64.9245878413603
211130005001903;0.8413177;188;11;32.0;223.45898582663838
211130005001904;5.749728;428;31;52.0;74.43830386411322
211130005001905;0.5179042;286;17;68.0;552.2256818925199
211130005001906;4.4423903;130;11;20.0;29.263525089184533
211130005001907;0.6452335;277;20;49.0;429.3019503792038
211130005001908;30.4634505;232;18;40.0;7.615683587780051
211130005001909;0.4493907;267;22;25.0;594.1377959089941
211130005001910;4.4055144;389;39;39.0;88.29842889629414
211130005001911;4.4647139;307;30;32.0;68.76140484612016
211130005001912;0.2676971;256;25;19.0;956.3047190275875
211130005001913;5.3033696;286;24;41.0;53.92797816693749
211130005001914;9.6846999;776;82;78.0;80.12638574376476
211130005001915;1.4018087;683;54;65.0;487.2276794972096
211130005001916;1.2730955;710;54;29.0;557.6957895146122
211130005001917;0.2359158;693;58;61.0;2937.488714193793
211130005001918;4.6491996;536;46;68.0;115.28866173007499
211130005001919;0.1324083;645;48;109.0;4871.295832663058
211130005001920;0.0457926;493;22;98.0;10765.931613404786
211130005001921;1.7250729;234;20;26.0;135.64644137647747
211130005001922;0.3269128;646;45;46.0;1976.062118093877
211130005001923;0.1041055;847;65;72.0;8135.977445956265
211130005001924;0.0268345;377;22;31.0;14049.078611488942
211130005001925;0.3905158;745;60;60.0;1907.7333106624621
211130005001926;0.1179242;506;35;22.0;4290.891945843177
211130005001927;0.060288;688;52;52.0;11411.889596602972
211130005001928;0.0414816;484;39;37.0;11667.823806217697
211130005001929;0.2076809;321;28;12.0;1545.640451288491
211130005001930;0.1140082;892;69;63.0;7823.998624660331
211130005001931;0.1325107;899;46;95.0;6784.357791484008
211130005001932;0.0524759;353;21;25.0;6726.897490085926
211130005001933;0.6175033;606;51;40.0;981.371273643396
211130005001934;0.1046306;873;61;50.0;8343.63943244137
211130005001935;0.2000049;531;22;64.0;2654.9349540936246
211130005001936;0.1286106;629;26;88.0;4890.732179151641
211130005001937;0.0560726;608;48;50.0;10843.0855712059
211130005001938;0.0587736;504;34;29.0;8575.278696557638
211130005001939;0.0684157;621;33;36.0;9076.863936201778
211130005001940;0.0671729;476;26;42.0;7086.191008576376
211130005001941;0.0893012;652;55;31.0;7301.133691372568
211130005001942;0.0555049;429;29;32.0;7729.047345369508
211130005001943;0.288495;333;17;57.0;1154.2661051318048
211130005001944;0.0541079;732;36;182.0;13528.523561254457
211130005001945;0.0522044;805;47;181.0;15420.15615541985
211130005001946;0.0390178;484;19;89.0;12404.594825951233
211130005001947;0.0229137;483;25;82.0;21079.09242069155
211130005001948;0.0200575;562;26;84.0;28019.444098217627
211130005001949;0.0502535;420;25;120.0;8357.626831961952
211130005001950;0.0500256;585;33;87.0;11694.012665515256
211130005001951;0.80552;1091;61;156.0;1354.4046082033965
211130005001953;0.0214279;759;52;81.0;35421.109861442324
211130005001954;0.0186348;365;27;34.0;19587.00925150793
211130005001955;0.2698191;566;37;96.0;2097.7017564731336
211130005001956;0.0344142;491;28;60.0;14267.366377832406
211130005001957;0.0799801;591;32;104.0;7389.338097851841
211130005001958;0.0222151;439;28;46.0;19761.333507389118
211130005001959;0.0868653;385;20;58.0;4432.149546481736
211130005001960;0.0395777;744;34;117.0;18798.464792041985
211130005001961;0.1283946;677;32;111.0;5272.807423365157
211130005001962;0.0620884;453;25;88.0;7296.048859368256
211130005001963;0.0307107;635;38;66.0;20676.832504631937
211130005001964;0.0177307;436;20;37.0;24590.117705448745
211130005001965;0.0694175;616;18;110.0;8873.84305110383
211130005001966;0.0632598;330;8;69.0;5216.5830432597
211130005001967;0.0514726;820;43;115.0;15930.805904500647
211130005001968;0.0385224;451;20;62.0;11707.474092995244
211130005001969;0.0456084;692;48;105.0;15172.64363582147
211130005001970;0.0408065;460;27;51.0;11272.713905872839
211130005001971;0.0520695;653;44;72.0;12540.930871239401
211130005001972;0.0488611;657;36;65.0;13446.279351058409
211130005001973;0.0970761;277;12;42.0;2853.431483135396
211130005001974;0.2171033;440;37;58.0;2026.6849928121774
211130005001975;0.1536095;667;42;50.0;4342.179357396515
211130005001976;0.164477;593;26;90.0;3605.3673157949133
211130005001977;0.0451948;710;34;20.0;15709.77192066344
211130005001978;0.0772029;718;24;146.0;9300.168776043387
211130005001979;0.0601135;503;17;104.0;8367.504803413543
211130005001980;0.0632001;512;34;50.0;8101.253004346513
211130005001981;0.0035413;X;X;;
211130005001982;0.0347773;536;29;41.0;15412.352310271357
211130005001983;0.5205463;274;21;57.0;526.370084659136
211130005001985;0.7830876;314;30;17.0;400.9768511211262
211130005001986;0.0416803;486;25;60.0;11660.184787537517
211130005001987;0.1787268;827;36;125.0;4627.173988456124
211130005001988;0.0400791;X;X;;
211130005001989;0.0547285;838;55;111.0;15311.948984532739
211130005001990;3.0649458;117;10;9.0;38.17359510892493
211130005001992;0.0256004;1097;116;30.0;42850.892954797586
211130005001993;1.9573719;639;57;63.0;326.4581452303469
211130005001994;1.1977753;889;53;126.0;742.2093275758817
211130005001995;0.8358562;222;16;26.0;265.59592427501286
211130005001996;0.2220011;883;55;114.0;3977.457769353395
211130005001997;0.1223837;372;24;55.0;3039.6204723341425
211130005001998;0.0645421;604;45;56.0;9358.232843368902
211130005001999;0.0429468;673;39;38.0;15670.550541600305
211130005002000;0.8415138;472;49;39.0;560.8939508775733
211130005002001;0.492862;764;66;54.0;1550.129650896194
211130005002002;0.383457;907;91;63.0;2365.3238824692207
211130005002003;0.2026411;240;20;;1184.359934879943
211130005002004;1.9141092;460;40;51.0;240.32066718032598
211130005002005;1.3270877;356;27;32.0;268.2565741510527
211130005002006;23.0213259;369;31;45.0;16.02861631874991
211130005002007;1.3251023;213;20;17.0;160.74230646192373
211130005002008;0.0525171;617;45;50.0;11748.554280415332
211130005002009;0.0461981;657;49;35.0;14221.36408207264
211130005002010;0.0577915;476;30;84.0;8236.505368436534
211130005002011;0.0424083;658;35;109.0;15515.830627495088
211130005002012;0.2302983;578;17;105.0;2509.7883918378902
211130005002013;0.0017052;X;X;;
211130005002014;0.0457809;518;31;58.0;11314.762269854897
211130005002015;0.0455834;593;32;44.0;13009.121741686666
211130005002016;0.0341925;458;37;12.0;13394.75031074066
211130005002017;0.0584505;844;69;51.0;14439.568523793636
211130005002018;0.0288239;477;53;26.0;16548.766821977595
211130005002019;0.1067019;971;57;95.0;9100.119116904198
