CD_SETOR;AREA_KM2;populacao;densidade_hab_km2
211130005000001;0.0777277;236;3036.24061949601
211130005000002;0.0877081;247;2816.1595109231644
211130005000003;0.1589558;232;1459.5252265095075
211130005000004;0.0744611;213;2860.554034254127
211130005000005;0.1828716;516;2821.651913145617
211130005000006;0.3520668;608;1726.9450002101873
211130005000007;0.1318836;521;3950.4532784970993
211130005000008;0.1318787;765;5800.785115412876
211130005000009;0.4238757;433;1021.5258860085634
211130005000010;0.1172592;396;3377.133734495886
211130005000012;0.1482665;795;5361.96645904503
211130005000013;0.1612185;705;4372.947273420855
211130005000014;0.1439373;565;3925.320260974744
211130005000015;0.0555114;851;15330.184430585428
211130005000016;0.0854388;416;4868.982242259957
211130005000017;0.1358113;874;6435.399705326435
211130005000018;0.0605283;809;13365.648795687306
211130005000019;0.0569977;545;9561.789335359146
211130005000020;0.038659;557;14408.029178199125
211130005000021;0.0435795;853;19573.423283883476
211130005000022;0.1138939;551;4837.835915707514
211130005000023;0.0570098;826;14488.737024160759
211130005000024;0.2681255;727;2711.4168551667035
211130005000025;0.0496682;787;15845.148404814347
211130005000026;0.0174402;451;25859.795185835024
211130005000027;0.1014868;1026;10109.689141839135
211130005000028;0.0310249;878;28299.849475743675
211130005000029;0.0352484;772;21901.70333972606
211130005000030;0.0250014;651;26038.54184165687
211130005000031;0.0494443;851;17211.286235218216
211130005000032;0.0549222;831;15130.493680151196
211130005000033;0.0346154;593;17131.103497287335
211130005000036;0.0320527;690;21527.047643412254
211130005000037;0.0377285;575;15240.468081158806
211130005000038;0.094866;794;8369.700419539138
211130005000039;0.0880768;496;5631.448917308531
211130005000040;0.0688576;727;10558.021191560552
211130005000041;0.0812494;727;8947.758383446524
211130005000042;0.0445458;1044;23436.552941018006
211130005000043;0.0328303;740;22540.1534558015
211130005000044;0.0320263;895;27945.782060369133
211130005000045;0.0168528;409;24268.96420772809
211130005000046;0.0357878;500;13971.24159629818
211130005000047;0.1076515;152;1411.96360478024
211130005000048;0.0368036;915;24861.69831212164
211130005000049;0.0329752;871;26413.789757150826
211130005000050;0.0367841;986;26805.059794857018
211130005000051;0.0259893;714;27472.844593736652
211130005000052;0.0287854;851;29563.59821298297
211130005000053;0.0168843;545;32278.50725229947
211130005000054;0.0465222;984;21151.192333982486
211130005000055;0.0493335;923;18709.39625203969
211130005000056;0.0825245;826;10009.148798235676
211130005000057;0.0254577;691;27143.064770187408
211130005000058;0.0869188;824;9480.112472790695
211130005000059;0.0473833;810;17094.63038665521
211130005000060;0.0416698;925;22198.330685532448
211130005000061;0.0397865;753;18926.017619041635
211130005000062;0.0658754;920;13965.759600700716
211130005000063;0.1052482;705;6698.451850007886
211130005000064;0.0506866;637;12567.424131821823
211130005000065;0.0464651;579;12460.96532666453
211130005000066;0.0972792;791;8131.234631863749
211130005000067;0.2635587;692;2625.6010520616474
211130005000068;0.0859761;679;7897.543619680353
211130005000069;0.1819192;523;2874.9027040576257
211130005000070;0.0601424;805;13384.899837718482
211130005000071;0.038843;612;15755.734623999175
211130005000072;0.0312614;751;24023.236323389225
211130005000073;0.0317901;729;22931.667405890512
211130005000075;0.0528705;757;14318.003423459206
211130005000076;0.0430011;662;15394.955012778742
211130005000077;0.0379183;663;17484.96108739052
211130005000078;0.0472201;738;15628.937676963835
211130005000079;0.0825689;694;8405.101678719227
211130005000080;0.1445939;761;5263.015936356928
211130005000081;0.0758488;773;10191.328010462921
211130005000082;0.0835887;1061;12693.103254387255
211130005000084;0.0468485;604;12892.621962282677
211130005000085;0.0442202;779;17616.38346276136
211130005000086;0.153074;653;4265.910605328142
211130005000087;0.1772335;903;5094.973580051176
211130005000090;0.1234899;711;5757.555881088251
211130005000091;0.0619313;674;10883.026837802532
211130005000093;0.1902627;844;4435.971948258907
211130005000094;0.0913488;742;8122.712066277828
211130005000095;0.04289;450;10491.95616693868
211130005000096;0.0486559;876;18003.983072967512
211130005000097;0.021125;467;22106.508875739644
211130005000098;0.0660096;929;14073.710490595307
211130005000099;0.0407848;489;11989.76089131245
211130005000100;0.0397547;773;19444.24181291772
211130005000101;0.0628237;980;15599.208578928017
211130005000102;0.8346471;859;1029.1774811174687
211130005000103;0.0295795;428;14469.480552409606
211130005000104;0.1186217;833;7022.323908694615
211130005000105;0.0673716;381;5655.201895160571
211130005000106;0.0229255;455;19846.895378508645
211130005000107;0.0404247;505;12492.362342825054
211130005000108;0.0936217;1117;11930.994630518351
211130005000109;0.3246529;810;2494.9723227483873
211130005000110;0.0550478;881;16004.272650314817
211130005000113;0.0683907;820;11989.934303933138
211130005000114;0.0920387;685;7442.521461081045
211130005000116;0.049636;818;16479.97421226529
211130005000118;0.0680599;641;9418.174284710967
211130005000119;0.0477093;860;18025.835633723404
211130005000120;0.0923552;766;8294.064654724369
211130005000121;0.0822474;584;7100.528405761155
211130005000122;0.0468134;535;11428.351711262161
211130005000123;0.0394643;658;16673.297131838142
211130005000124;0.0834084;980;11749.416125953741
211130005000125;0.1740127;721;4143.375742115374
211130005000126;0.0673532;943;14000.819560169375
211130005000127;0.0484596;1006;20759.560541151805
211130005000128;0.086693;692;7982.190026876448
211130005000129;0.0824834;798;9674.673934391647
211130005000130;0.0545208;87;1595.7212660122375
211130005000132;0.0559027;644;11520.016027848387
211130005000133;0.0521957;1035;19829.21964836184
211130005000134;0.062057;268;4318.610309876404
211130005000135;0.119675;508;4244.829747232086
211130005000137;0.029326;673;22948.919047943804
211130005000138;0.0447756;920;20546.905010764793
211130005000139;0.0360804;907;25138.302236117117
211130005000140;0.0390386;755;19339.83288335135
211130005000143;0.0810767;202;2491.4679556518704
211130005000146;0.1596068;983;6158.885461020458
211130005000147;0.0515737;732;14193.280683759358
211130005000149;0.056021;536;9567.840631191873
211130005000150;0.0545581;457;8376.391406592238
211130005000151;0.1666951;543;3257.444280005831
211130005000152;0.5514162;615;1115.3099963330783
211130005000153;0.143267;553;3859.925872671306
211130005000154;0.1092708;322;2946.8073812949115
211130005000155;0.0711567;445;6253.803225838185
211130005000156;0.1302931;465;3568.8766327610597
211130005000157;0.0981217;548;5584.9011992250435
211130005000158;0.9182095;470;511.86575612646135
211130005000160;0.1653797;508;3071.719201328821
211130005000161;0.2320612;88;379.2103117625868
211130005000162;0.0956219;511;5343.9640919078165
211130005000163;0.0337766;782;23152.123067449065
211130005000164;0.069062;794;11496.91581477513
211130005000165;0.945661;353;373.2838723390306
211130005000167;0.1638827;484;2953.3318648033014
211130005000169;0.0578355;965;16685.25386656984
211130005000170;0.4217607;397;941.2920644336943
211130005000171;1.7376575;235;135.23953943743228
211130005000172;0.0300011;651;21699.20436250671
211130005000173;0.0496582;450;9061.947472924914
211130005000174;0.1176778;397;3373.6184734928765
211130005000175;1.1780959;989;839.4902316526185
211130005000176;0.1286031;727;5653.051909324115
211130005000177;0.2244444;505;2250.000445544643
211130005000178;0.0826642;604;7306.669634497159
211130005000179;0.1349817;717;5311.831159334932
211130005000180;0.0610602;580;9498.822473558881
211130005000181;0.2441289;743;3043.474164672843
211130005000183;0.5853918;872;1489.6006401182933
211130005000184;0.080583;663;8227.541789211124
211130005000187;0.2394305;919;3838.274572370688
211130005000188;0.2228641;687;3082.596075366109
211130005000189;0.0727837;402;5523.214675813403
211130005000190;0.0928455;617;6645.448621634867
211130005000191;0.1523322;488;3203.524927756574
211130005000193;0.1062118;650;6119.847323931993
211130005000195;0.1363904;577;4230.503026605978
211130005000196;0.1760736;791;4492.439525289425
211130005000197;0.1573129;923;5867.287425252474
211130005000198;0.0830924;671;8075.347444531631
211130005000199;0.0552179;479;8674.723232864704
211130005000200;0.1134705;963;8486.78731476463
211130005000201;0.0837504;897;10710.39660706098
211130005000202;0.0304493;405;13300.798376317354
211130005000203;0.065393;658;10062.23907757711
211130005000204;0.0331196;465;14040.02463797872
211130005000205;0.0371202;700;18857.657016934176
211130005000206;0.0315614;676;21418.56825109152
211130005000207;0.1295017;772;5961.311704788432
211130005000208;0.0648523;612;9436.827992222326
211130005000209;0.0570728;598;10477.845838998612
211130005000210;0.0443582;804;18125.171896064312
211130005000211;0.1855486;1005;5416.370697488421
211130005000212;0.0506702;604;11920.221352984594
211130005000213;0.2187656;680;3108.3497588286273
211130005000215;0.0411016;530;12894.875138680733
211130005000216;0.0381434;672;17617.726788907123
211130005000217;0.0956879;939;9813.152969184192
211130005000218;0.0896373;752;8389.364695277523
211130005000219;0.0265861;588;22116.820443765726
211130005000220;0.4766346;678;1422.4733160370647
211130005000221;0.0468384;899;19193.653070984492
211130005000222;0.0836225;688;8227.450745911687
211130005000223;0.1538367;828;5382.330744224233
211130005000224;0.0457389;888;19414.546480129604
211130005000225;0.0492474;985;20001.055893306046
211130005000226;0.0672092;774;11516.280509216002
211130005000227;0.0792149;794;10023.366816091417
211130005000228;0.0412075;883;21428.13808165989
211130005000229;0.0323698;717;22150.275874426163
211130005000230;0.0410141;817;19919.97873901902
211130005000231;0.1708363;781;4571.627926851612
211130005000232;0.0988389;781;7901.74718658342
211130005000234;0.0608866;981;16111.919535661378
211130005000235;0.0938718;852;9076.208190319137
211130005000236;0.0699837;661;9445.05649172593
211130005000237;0.0433743;669;15423.880039562599
211130005000238;0.0204788;394;19239.40855909526
211130005000239;0.0208195;455;21854.511395566657
211130005000240;0.0262213;381;14530.172035711426
211130005000241;0.0180906;476;26312.007340828943
211130005000242;0.0259796;460;17706.200249426474
211130005000243;0.0364788;702;19244.05408072634
211130005000244;0.2214485;743;3355.1819045963284
211130005000245;0.219198;711;3243.6427339665506
211130005000246;0.0239103;544;22751.70114971372
211130005000247;0.0783815;639;8152.4339289245545
211130005000248;0.1419776;904;6367.201586729174
211130005000249;0.1719605;1034;6013.008801439866
211130005000250;0.0665372;1084;16291.638361698417
211130005000251;0.0988906;826;8352.664459513848
211130005000252;0.225033;854;3794.9989557087183
211130005000253;0.1652331;1056;6390.971300544504
211130005000254;0.0309141;780;25231.205178219647
211130005000255;0.1181782;633;5356.317831884392
211130005000256;0.0286811;414;14434.592815477788
211130005000258;0.1159989;786;6775.926323439274
211130005000259;0.9106268;667;732.4625192230232
211130005000260;0.0184749;342;18511.602227887568
211130005000261;0.0238446;701;29398.689850112813
211130005000263;0.0692252;529;7641.725845501349
211130005000264;0.130067;748;5750.882237615999
211130005000266;0.1176902;552;4690.280074296756
211130005000267;0.1500001;725;4833.33011111326
211130005000268;0.1836007;957;5212.39842767484
211130005000269;0.2035482;908;4460.859884784046
211130005000270;0.0564274;452;8010.292871902657
211130005000271;0.1709739;581;3398.1794882142826
211130005000272;0.1156677;538;4651.255276970148
211130005000273;0.1597375;831;5202.284998826199
211130005000274;0.1707654;717;4198.742836663633
211130005000275;0.28432;826;2905.177265053461
211130005000276;0.0294643;306;10385.449510085087
211130005000279;0.1239143;754;6084.850578181856
211130005000280;0.0635271;512;8059.552537421037
211130005000281;0.1210183;640;5288.4563739533605
211130005000282;0.01116;319;28584.229390681005
211130005000283;0.1018532;670;6578.094748127697
211130005000284;0.1387694;1012;7292.674033324351
211130005000285;0.1059727;685;6463.928917541971
211130005000286;0.0959372;797;8307.517834583457
211130005000287;0.0891582;831;9320.511181248612
211130005000288;0.1471646;1026;6971.785334244784
211130005000289;0.0632762;648;10240.81724250192
211130005000290;0.1690156;678;4011.464030539193
211130005000293;0.109414;732;6690.185899427861
211130005000295;0.0833696;656;7868.575595900664
211130005000296;0.0687159;813;11831.32288160382
211130005000297;0.0585837;776;13246.005288160359
211130005000298;0.0344582;622;18050.855819514658
211130005000299;0.088517;543;6134.414858162839
211130005000300;0.036516;645;17663.489976996385
211130005000301;0.1135212;990;8720.83804610945
211130005000302;0.0900552;1058;11748.349900949639
211130005000303;0.0532502;745;13990.557781942603
211130005000304;0.0308987;613;19839.022353691256
211130005000306;0.038122;709;18598.184775195423
211130005000307;0.3896374;697;1788.8426521684005
211130005000308;0.5774984;894;1548.0562370389252
211130005000310;0.0877045;616;7023.584878769048
211130005000311;0.0555137;699;12591.486425873252
211130005000312;0.025479;642;25197.221241022016
211130005000313;0.1033904;291;2814.5746607035085
211130005000314;0.0229512;455;19824.671476872667
211130005000315;0.3098511;846;2730.343703798373
211130005000316;0.125492;647;5155.70713670991
211130005000317;0.0386843;539;13933.301106650502
211130005000318;0.0253625;570;22474.12518482011
211130005000320;0.2016839;952;4720.2577895409595
211130005000321;0.4367785;567;1298.1408196603084
211130005000322;0.005365;0;0.0
211130005000323;0.0295603;525;17760.306898103197
211130005000324;0.0185971;375;20164.43423974706
211130005000325;0.0208048;403;19370.529877720528
211130005000326;0.1235635;720;5826.963464129779
211130005000327;0.1205933;965;8002.102936066929
211130005000329;0.0651424;719;11037.358156899347
211130005000330;0.109252;1023;9363.67297623842
211130005000331;0.0542953;611;11253.276066252512
211130005000332;0.0556236;274;4925.966676015217
211130005000334;0.0557768;542;9717.301817243011
211130005000335;0.1081402;849;7850.919454559914
211130005000336;0.0887676;681;7671.718059291904
211130005000337;0.1406415;820;5830.427007675544
211130005000340;0.0921242;845;9172.399868872673
211130005000341;0.1494095;623;4169.748242246979
211130005000342;0.0696896;1074;15411.194783726696
211130005000343;0.0601487;802;13333.621508029268
211130005000344;0.0372708;502;13468.989128218338
211130005000346;0.0754533;977;12948.406497794
211130005000347;0.0869687;829;9532.165020288909
211130005000348;0.0492615;674;13682.084386386936
211130005000349;0.0446654;710;15895.973169388386
211130005000350;0.0528881;644;12176.65221477043
211130005000351;0.1086354;828;7621.824929995196
211130005000352;0.0682836;638;9343.385527418004
211130005000354;0.1118179;432;3863.4243712321554
211130005000355;0.0467891;486;10387.034587115375
211130005000356;0.1798805;878;4881.018231548167
211130005000357;0.0434637;609;14011.69251582355
211130005000358;0.059748;649;10862.28827743188
211130005000359;0.1744595;920;5273.430223060367
211130005000360;0.0611515;391;6393.955994538155
211130005000362;0.05676;373;6571.5292459478505
211130005000364;0.064553;793;12284.479420011463
211130005000365;0.0729656;591;8099.707259311236
211130005000366;0.127683;897;7025.210873804657
211130005000373;0.1789567;733;4095.9628781710885
211130005000374;0.312543;590;1887.7402469420206
211130005000376;0.056886;744;13078.789157261892
211130005000378;0.03828;680;17763.845350052245
211130005000380;0.0450788;851;18878.05354179792
211130005000381;0.0406705;538;13228.261270454015
211130005000382;0.0486511;657;13504.319532343565
211130005000383;0.0399162;864;21645.347001969127
211130005000384;0.0538734;827;15350.803921787005
211130005000385;0.0431126;783;18161.743898535464
211130005000386;0.0862387;1092;12662.528539971034
211130005000387;0.031833;555;17434.737536518707
211130005000388;0.0647316;956;14768.67557730691
211130005000390;0.0513028;696;13566.510989653585
211130005000391;0.0543191;975;17949.487381050127
211130005000393;0.0719513;919;12772.528084968584
211130005000394;0.0412437;780;18911.979284108846
211130005000395;0.0445925;613;13746.70628468913
211130005000396;0.0552815;715;12933.802447473387
211130005000397;0.0147248;219;14872.867543192438
211130005000398;0.0297253;534;17964.494891557024
211130005000399;0.0517422;953;18418.23501899803
211130005000401;0.032718;626;19133.198850785502
211130005000402;0.1067387;512;4796.76068754819
211130005000403;0.0706888;1094;15476.28478627449
211130005000406;0.1111977;964;8669.244058105518
211130005000407;0.0949606;910;9582.921759129575
211130005000409;0.0652555;926;14190.374757683261
211130005000410;0.0449591;916;20374.07332442153
211130005000411;0.1685992;753;4466.213362815482
211130005000412;1.3833097;646;466.99593012323993
211130005000414;0.4584697;763;1664.2321182839346
211130005000415;0.0643157;1006;15641.592954752883
211130005000417;0.0997766;1156;11585.88286231441
211130005000422;0.5887358;1044;1773.2911774687389
211130005000423;0.0989699;619;6254.426850992069
211130005000426;0.0677507;599;8841.237064709296
211130005000427;0.098108;1101;11222.326415786683
211130005000428;0.0438131;618;14105.370311619128
211130005000429;0.0524272;721;13752.403332621234
211130005000430;0.0586351;923;15741.424505117242
211130005000431;0.0590237;1085;18382.446373236515
211130005000432;0.0387491;592;15277.774193465139
211130005000433;0.0451897;735;16264.768298970783
211130005000434;0.0437985;877;20023.51678710458
211130005000436;0.0524506;747;14241.972446454378
211130005000438;0.0530507;835;15739.660362634235
211130005000439;0.0520816;720;13824.460078031398
211130005000440;0.087527;1002;11447.896077781714
211130005000443;0.051938;833;16038.353421387039
211130005000444;0.0528445;773;14627.823141481138
211130005000445;0.0576155;767;13312.389895080318
211130005000446;0.0806009;852;10570.60156896511
211130005000447;0.0969523;764;7880.163750627886
211130005000448;0.0806432;1060;13144.31966985437
211130005000450;0.0929852;825;8872.379690531396
211130005000451;0.1223362;523;4275.10418012003
211130005000456;0.0502834;918;18256.522033116296
211130005000457;0.0728615;360;4940.880986529237
211130005000458;0.0820456;1088;13260.918318593564
211130005000459;0.033006;622;18845.05847421681
211130005000462;0.0563134;924;16408.172832753837
211130005000463;0.1639261;1043;6362.623157630176
211130005000464;0.1259157;968;7687.683108619498
211130005000465;0.129502;1100;8494.077311547311
211130005000466;0.0463542;799;17236.841537552154
211130005000467;0.152615;439;2876.5193460669
211130005000468;0.3203201;915;2856.5175897485046
211130005000470;0.1033486;840;8127.831436516799
211130005000471;0.075675;905;11959.035348529897
211130005000472;0.0955594;1054;11029.78880152031
211130005000473;0.0420793;762;18108.66625633031
211130005000474;0.0284598;629;22101.349974349785
211130005000475;0.0597637;932;15594.750659681378
211130005000476;0.0887108;703;7924.626990174815
211130005000477;0.414043;1435;3465.8235980320883
211130005000478;0.0406211;677;16666.21534128815
211130005000480;0.0974506;1076;11041.491791738583
211130005000481;0.1676215;852;5082.8801794519195
211130005000482;0.5209198;1055;2025.2637738093272
211130005000484;0.6013174;710;1180.740820072727
211130005000485;0.1729412;716;4140.135491138029
211130005000486;0.1726213;1085;6285.435227286552
211130005000489;0.4124571;771;1869.2853147636445
211130005000490;0.1173112;949;8089.594173446354
211130005000491;0.8169726;838;1025.7381948917257
211130005000492;0.4828157;510;1056.3036786086284
211130005000493;0.2581734;365;1413.7784915099696
211130005000495;0.0392422;494;12588.488922639404
211130005000499;0.0550329;660;11992.826109472697
211130005000500;0.0397223;654;16464.303426538743
211130005000501;0.0369998;661;17864.961432223958
211130005000502;0.0470103;598;12720.616545735722
211130005000503;0.1045795;967;9246.55405696145
211130005000504;0.1986392;920;4631.512813180883
211130005000505;0.1167536;876;7502.980636143126
211130005000506;0.0660134;554;8392.235515819515
211130005000509;0.0383052;589;15376.50240698391
211130005000510;0.0490086;734;14976.963226862224
211130005000511;0.0620244;958;15445.5343380992
211130005000516;0.1524983;652;4275.457496903244
211130005000517;0.0827092;553;6686.076035072278
211130005000518;0.1400007;772;5514.258142994999
211130005000520;0.1251296;651;5202.605938163312
211130005000522;0.0614366;616;10026.59652389618
211130005000523;0.0193723;680;35101.665780521675
211130005000524;0.0214113;575;26854.978445960776
211130005000525;0.0110271;428;38813.46863635952
211130005000529;0.2753567;371;1347.343282367925
211130005000530;0.1806043;1150;6367.511736985221
211130005000531;0.1001894;714;7126.50240444598
211130005000533;0.1986712;626;3150.93481088351
211130005000534;0.0966694;1076;11130.719752062183
211130005000535;0.0977251;733;7500.631874513303
211130005000536;0.1397869;834;5966.224302849552
211130005000537;0.0424308;326;7683.098126832396
211130005000538;0.1007765;940;9327.571408016749
211130005000539;0.0896994;919;10245.330515031315
211130005000540;0.0679069;792;11663.026879448185
211130005000541;0.097992;1020;10409.012980651481
211130005000542;0.0955306;824;8625.50847581822
211130005000543;0.0773409;944;12205.702286888309
211130005000544;0.1108902;992;8945.78601174856
211130005000545;0.0906523;951;10490.632890726434
211130005000546;0.0599097;691;11534.025374855824
211130005000547;0.1060823;927;8738.498316872843
211130005000548;0.0911405;828;9084.874452082226
211130005000549;0.0455922;531;11646.729045757827
211130005000550;0.0928182;766;8252.691821216098
211130005000551;0.1203263;1034;8593.300051609665
211130005000552;0.0907464;960;10578.932056808864
211130005000553;0.1194761;874;7315.270585497852
211130005000554;0.0898742;924;10281.03727209811
211130005000555;0.0889221;851;9570.174343610868
211130005000556;0.1174282;949;8081.534077845015
211130005000558;0.0785846;707;8996.673648526556
211130005000559;0.0604889;450;7439.381440231183
211130005000560;0.0722276;535;7407.140760595672
211130005000561;0.0806476;414;5133.444764630318
211130005000562;0.1327067;850;6405.102379909981
211130005000563;0.0884189;637;7204.342058089391
211130005000564;0.0969456;610;6292.188608869304
211130005000565;0.1128078;635;5629.043381751971
211130005000566;0.0290379;587;20214.96044824178
211130005000567;0.018049;447;24765.915009141783
211130005000568;0.0224269;441;19663.885780023098
211130005000569;0.076061;804;10570.463180867988
211130005000570;0.1179107;464;3935.1814551181533
211130005000571;0.2555474;1032;4038.389746872792
211130005000572;0.0469003;355;7569.247957902188
211130005000573;0.12615;837;6634.958382877526
211130005000574;0.0370376;422;11393.826813832431
211130005000575;0.8434098;730;865.5341685619494
211130005000576;0.0590109;669;11336.888608714662
211130005000578;0.0974537;859;8814.442140216328
211130005000579;0.2072582;781;3768.2465639477714
211130005000581;0.1006098;504;5009.452359511698
211130005000582;0.1058344;909;8588.889812764091
211130005000583;0.0774595;855;11038.026323433536
211130005000585;0.0678731;849;12508.63744252141
211130005000586;0.035836;621;17328.942962384193
211130005000587;0.0372338;608;16329.249230537846
211130005000588;0.0539354;860;15945.000871412838
211130005000589;0.0773548;769;9941.20597558264
211130005000591;0.1408441;1004;7128.449115014402
211130005000592;0.1433384;1025;7150.910014343679
211130005000594;0.060403;825;13658.262006853965
211130005000595;0.1524534;828;5431.167819149983
211130005000596;0.1956621;474;2422.5437629464263
211130005000598;0.1487144;686;4612.868693280543
211130005000601;0.1011846;757;7481.375624353904
211130005000602;0.09974;737;7389.21195107279
211130005000604;0.0772085;659;8535.32965929917
211130005000605;0.1574583;1081;6865.309735974541
211130005000606;1.3806356;817;591.7564345001679
211130005000608;0.0815776;634;7771.7412623073
211130005000610;0.1137079;967;8504.24640680199
211130005000611;0.0799359;1043;13047.954673682287
211130005000612;0.0792546;1033;13033.943771087104
211130005000613;0.1195296;587;4910.917463122105
211130005000615;0.0459164;584;12718.767150734813
211130005000616;0.0416388;569;13665.139245127142
211130005000617;0.0691578;1006;14546.443062098562
211130005000618;0.0565599;977;17273.722195406994
211130005000619;0.060875;1054;17314.168377823407
211130005000620;0.0770579;1020;13236.79986088383
211130005000622;0.0681046;774;11364.871095344513
211130005000623;0.0629687;609;9671.471699431622
211130005000624;0.0702666;795;11314.052480125692
211130005000625;0.0639338;817;12778.843115847956
211130005000626;0.1166873;885;7584.372935186606
211130005000627;0.057122;784;13725.009628514408
211130005000628;0.0536385;669;12472.384574512711
211130005000629;0.0613766;628;10231.912487821091
211130005000630;0.0788187;691;8766.955050007167
211130005000631;0.0742932;741;9973.994928203389
211130005000632;0.0634517;1083;17068.100618265547
211130005000633;0.0634743;1056;16636.65452001834
211130005000634;0.1169698;728;6223.828714762272
211130005000635;0.0779176;1016;13039.415998439377
211130005000636;0.1055132;583;5525.3750241675925
211130005000637;0.0725169;777;10714.743735598186
211130005000638;0.0602868;811;13452.364365001957
211130005000639;0.0785199;1072;13652.589980374401
211130005000640;0.0611992;820;13398.867959058289
211130005000641;0.0992098;965;9726.86166084399
211130005000642;0.0364656;580;15905.401254881312
211130005000644;0.1147811;926;8067.530281553322
211130005000646;0.043299;494;11409.039469733712
211130005000647;0.0969147;1047;10803.314667434352
211130005000648;0.1036492;766;7390.312708636439
211130005000649;0.0544226;736;13523.793424055448
211130005000650;0.0727279;945;12993.637929872855
211130005000651;0.0866882;547;6309.9706765165265
211130005000652;0.0887015;906;10214.032457173778
211130005000653;0.1050515;1052;10014.135923808797
211130005000654;0.0602013;580;9634.34344441067
211130005000655;0.0659085;599;9088.357343893429
211130005000657;0.0646382;705;10906.863124282543
211130005000658;0.0960495;820;8537.26463958688
211130005000659;0.0277138;253;9129.025972620138
211130005000660;0.0668038;634;9490.478086575913
211130005000661;0.0759932;745;9803.508734992078
211130005000662;0.0508302;755;14853.374568661937
211130005000663;0.0764031;896;11727.272846258857
211130005000665;0.0754973;893;11828.237566111635
211130005000666;0.0731503;800;10936.387137168269
211130005000667;0.0704156;881;12511.432125835754
211130005000668;0.0757141;821;10843.422823489944
211130005000669;0.0694723;848;12206.303807416769
211130005000670;0.079164;925;11684.604112980647
211130005000671;0.1040986;1026;9856.040330993885
211130005000673;0.0733165;883;12043.673661454106
211130005000674;0.111101;968;8712.792864150637
211130005000675;0.0925294;982;10612.843053126899
211130005000677;0.0798913;512;6408.707831766413
211130005000678;0.1120084;973;8686.848486363524
211130005000679;0.0571036;641;11225.21172045195
211130005000680;0.0957663;1023;10682.254613574922
211130005000681;0.1060801;920;8672.691673556115
211130005000682;0.0653423;663;10146.566619173183
211130005000683;0.0944054;938;9935.87231238891
211130005000685;0.1080466;1060;9810.581730475553
211130005000686;0.1042911;1008;9665.254273854624
211130005000688;0.0721667;695;9630.480540193746
211130005000689;0.0486489;343;7050.519127873395
211130005000690;0.0550096;406;7380.529943864344
211130005000691;0.0613727;328;5344.395798131743
211130005000693;0.0949329;882;9290.772745802562
211130005000694;0.2123042;888;4182.6774976660845
211130005000695;0.069359;657;9472.454908519441
211130005000696;0.1139098;854;7497.160033640652
211130005000697;0.0959258;787;8204.257874315355
211130005000698;0.0722192;931;12891.308682455636
211130005000699;0.0668145;871;13036.092464958954
211130005000701;0.1365999;795;5819.916412823143
211130005000702;5.3872437;15;2.784355198187897
211130005000704;0.1489914;969;6503.7310878346
211130005000705;0.0921993;982;10650.840082299974
211130005000707;0.0848316;665;7839.059972934615
211130005000708;0.1083119;689;6361.258550537845
211130005000709;0.2236758;960;4291.926082303047
211130005000710;0.2582494;249;964.1842343099345
211130005000712;0.046637;492;10549.563651178249
211130005000713;0.0695646;728;10465.09287769929
211130005000714;0.0537716;676;12571.692120003867
211130005000715;0.0593867;542;9126.622627625376
211130005000717;0.0671627;681;10139.556628902648
211130005000718;0.0723534;862;11913.745587629608
211130005000719;0.0644143;561;8709.246238801012
211130005000720;0.0508086;277;5451.832957412721
211130005000721;0.1275661;808;6333.971172592092
211130005000724;0.0903115;930;10297.691877557121
211130005000725;0.0971401;933;9604.684368247512
211130005000726;0.0765851;974;12717.878542954177
211130005000727;0.1100591;899;8168.338647145033
211130005000728;0.0734121;942;12831.672163035795
211130005000731;0.2442722;955;3909.5730091267037
211130005000732;0.633587;210;331.44619444527746
211130005000733;2.6887538;0;0.0
211130005000735;0.0801154;944;11783.003018146323
211130005000736;0.1409042;794;5635.034299900216
211130005000737;0.0928619;1025;11037.896058555769
211130005000740;0.0687029;351;5108.954643835996
211130005000741;0.0831467;826;9934.24874348591
211130005000742;0.6020523;817;1357.0249627814726
211130005000743;0.2924365;721;2465.4925086300786
211130005000745;0.8038799;573;712.7930428413498
211130005000746;0.1671944;291;1740.4889158967048
211130005000749;0.031986;179;5596.198336772338
211130005000753;0.294431;762;2588.042699308157
211130005000755;0.04757;472;9922.219886483077
211130005000756;0.0451565;668;14792.99768582596
211130005000757;0.1117465;655;5861.481120214056
211130005000759;0.1738114;1051;6046.784042933892
211130005000760;0.1361981;160;1174.7594129433526
211130005000761;0.0714619;713;9977.34457102316
211130005000762;0.1095662;620;5658.6794102560825
211130005000763;0.0299837;527;17576.2164109166
211130005000764;0.0943901;768;8136.446512928792
211130005000766;0.029063;566;19474.933764580393
211130005000767;0.0198118;267;13476.816846525808
211130005000768;0.0223264;432;19349.290526014047
211130005000769;0.0351861;606;17222.71010427413
211130005000770;0.0620565;949;15292.51569134579
211130005000772;0.0652412;654;10024.34044744732
211130005000773;0.1489564;1098;7371.284483244762
211130005000774;0.1012731;907;8955.981400786586
211130005000778;0.0890427;732;8220.774976500039
211130005000780;0.5598637;909;1623.6094606597999
211130005000781;0.0732885;717;9783.253852923719
211130005000783;1.120367;964;860.4323404741483
211130005000784;0.1604196;992;6183.783029006431
211130005000785;0.0790606;968;12243.772498564393
211130005000786;0.0805915;786;9752.88957272169
211130005000787;0.2447422;713;2913.2695546579216
211130005000788;0.0987757;982;9941.716434305199
211130005000789;0.0718202;715;9955.416442727812
211130005000790;0.0334653;455;13596.172752074535
211130005000791;0.4369742;1132;2590.541958770106
211130005000792;0.0919625;490;5328.258801141769
211130005000793;0.1080798;791;7318.666392794953
211130005000794;0.0403266;664;16465.55871310748
211130005000795;0.0428382;654;15266.747902572937
211130005000798;0.0441437;526;11915.630089910905
211130005000799;0.4380765;585;1335.383203618546
211130005000800;0.0318634;599;18798.99822366728
211130005000801;0.039746;288;7246.012177326021
211130005000802;0.0130576;264;20218.110525670872
211130005000803;0.0107281;448;41759.49142905081
211130005000804;0.0104852;390;37195.2847823599
211130005000805;0.0120989;424;35044.508178429445
211130005000806;0.0128437;422;32856.57559737459
211130005000807;0.0118458;411;34695.841564098664
211130005000808;0.0130995;418;31909.614870796595
211130005000809;0.0134066;275;20512.2849939582
211130005000810;0.0121498;281;23127.95272350162
211130005000811;0.0128264;320;24948.54362876567
211130005000812;0.0225889;369;16335.456795151602
211130005000813;0.1305608;663;5078.0938842286505
211130005000815;0.1630462;448;2747.6874652705797
211130005000816;0.2603478;705;2707.9161029976053
211130005000817;0.1202181;659;5481.7036702459945
211130005000819;0.0609867;1028;16856.13420631056
211130005000820;0.6933402;193;278.3626277547444
211130005000821;0.9646233;759;786.835648693122
211130005000822;0.0580666;462;7956.381120988657
211130005000823;0.0468948;630;13434.32534097597
211130005000825;0.1427652;445;3117.006105129261
211130005000827;0.2789807;730;2616.66846487947
211130005000829;0.0865161;553;6391.873882433443
211130005000831;0.1296242;621;4790.772093482545
211130005000832;0.2056166;971;4722.381364150559
211130005000833;0.1990291;948;4763.122578557608
211130005000834;0.0954824;102;1068.2597002170035
211130005000836;0.6095463;133;218.19507394270133
211130005000838;0.1239034;807;6513.138461091464
211130005000839;0.1378447;493;3576.4886136354903
211130005000840;0.0651522;634;9731.060501410544
211130005000841;0.0826244;742;8980.398042224815
211130005000842;0.0932661;512;5489.668807851942
211130005000843;0.041879;364;8691.707060818071
211130005000845;0.2014936;356;1766.8054965517515
211130005000846;0.0680373;512;7525.283925141063
211130005000847;0.0587835;635;10802.350999855402
211130005000849;0.5105249;1077;2109.593479181917
211130005000850;0.0777122;686;8827.442795339728
211130005000852;0.0412817;649;15721.251789533862
211130005000853;0.0574241;917;15968.90504161145
211130005000856;0.149265;1130;7570.428432653334
211130005000857;0.0540407;726;13434.318948496226
211130005000858;0.0708878;794;11200.799009138385
211130005000859;0.5515781;230;416.9853734221863
211130005000860;0.4073624;691;1696.2783015810983
211130005000861;0.0462955;563;12161.009169357712
211130005000862;0.0574943;591;10279.279859046897
211130005000863;0.0644509;626;9712.82014680943
211130005000865;0.0925621;1012;10933.200521595772
211130005000867;0.0850002;699;8223.510062329266
211130005000868;0.0697686;462;6621.890076624728
211130005000871;0.073266;453;6182.949799361232
211130005000872;0.0301784;524;17363.412241868355
211130005000873;0.0618246;943;15252.828162252566
211130005000874;0.108051;342;3165.172002110115
211130005000875;0.0110622;450;40679.06926289527
211130005000876;0.0106907;419;39192.94339940322
211130005000877;0.230435;867;3762.4492807082256
211130005000878;0.0103076;350;33955.527959951876
211130005000879;0.0080996;262;32347.27640871154
211130005000880;0.0078534;274;34889.34728907225
211130005000881;0.0188953;553;29266.537181203792
211130005000883;0.0337967;552;16332.955584420964
211130005000884;0.8341176;3;3.596615153546694
211130005000885;0.0676285;624;9226.879200337136
211130005000886;0.0605649;565;9328.835678751224
211130005000887;0.0712952;513;7195.435316823573
211130005000888;0.1023204;878;8580.889050472828
211130005000889;0.1767708;487;2754.9798948695147
211130005000890;0.0529487;479;9046.492170723737
211130005000891;0.0226187;618;27322.525167228887
211130005000892;0.056415;585;10369.582557830365
211130005000893;0.0603998;1016;16821.247752476003
211130005000895;0.0291131;806;27685.131435676725
211130005000896;0.0449966;958;21290.49750425588
211130005000897;0.018341;305;16629.409519655415
211130005000898;0.0163264;385;23581.438651509212
211130005000899;0.0826298;448;5421.772774471196
211130005000900;0.064531;520;8058.14259813113
211130005000901;0.0143503;458;31915.709079252698
211130005000902;0.0157197;532;33842.885042335416
211130005000903;0.0313172;386;12325.49525500364
211130005000904;0.0182242;685;37587.383808342754
211130005000905;0.0151423;447;29519.954036044724
211130005000906;0.0382862;609;15906.514618844389
211130005000907;0.0873187;846;9688.646303712721
211130005000908;0.1466382;919;6267.1254829914715
211130005000909;0.0536083;724;13505.371369731927
211130005000910;0.0639561;978;15291.739177341957
211130005000911;0.083285;229;2749.594764963679
211130005000912;0.04816;748;15531.56146179402
211130005000913;0.8103878;539;665.1136653340536
211130005000914;0.7039476;663;941.8314658647888
211130005000915;0.2487879;707;2841.778076827691
211130005000917;0.0590316;754;12772.819981162633
211130005000918;0.9500938;693;729.4016653934591
211130005000919;0.0921029;908;9858.53865622038
211130005000920;0.0421286;733;17399.106545197323
211130005000921;0.0492585;576;11693.41331952861
211130005000922;0.0340977;570;16716.670039328164
211130005000923;0.055708;318;5708.33632512386
211130005000924;0.0459457;74;1610.5968567243508
211130005000925;0.0673041;868;12896.688314679193
211130005000927;0.1969249;1085;5509.714617095146
211130005000928;0.138087;858;6213.474114145431
211130005000929;0.0479372;64;1335.080063082533
211130005000930;0.2199279;839;3814.8866060195182
211130005000932;1.6537737;553;334.38674227314175
211130005000933;0.1799072;828;4602.372778854877
211130005000936;0.0749576;640;8538.160239922303
211130005000937;0.0459822;726;15788.71824314626
211130005000938;0.05868;872;14860.259032038173
211130005000946;0.5033991;770;1529.6014633319767
211130005000947;0.5238215;657;1254.2440506928408
211130005000948;0.8779144;868;988.7068716494456
211130005000949;0.6574526;658;1000.8326075522402
211130005000951;0.2160273;2787;12901.14721611574
211130005000952;0.3100462;867;2796.3574460838418
211130005000953;0.6007256;668;1111.9885684911715
211130005000955;0.7981278;744;932.1815378439392
211130005000956;0.7841265;993;1266.3773000912481
211130005000958;4.82322;501;103.87251670046152
211130005000959;6.7096408;289;43.072350460251165
211130005000962;0.6754779;1059;1567.7789014266789
211130005000964;37.8903394;104;2.744762956649578
211130005000967;3.1078307;0;0.0
211130005000968;1.6137059;674;417.6721421170983
211130005000972;1.0794834;1025;949.5282650942108
211130005000973;0.1268272;1029;8113.40154162514
211130005000974;0.1536134;935;6086.708581412819
211130005000976;10.2178459;704;68.89906217904499
211130005000977;0.485171;346;713.1506211212129
211130005000978;0.2435609;664;2726.2175496970162
211130005000979;0.9378783;308;328.4008170356431
211130005000983;0.1882;831;4415.515409139213
211130005000984;0.0753483;1164;15448.258288508167
211130005000985;0.0117818;436;37006.229947885724
211130005000986;0.0106591;490;45970.11004681446
211130005000987;0.0125778;452;35936.33226796419
211130005000988;0.1090299;276;2531.4156942269965
211130005000989;0.1197551;414;3457.0552736376153
211130005000990;0.0268719;508;18904.506194202866
211130005000991;0.0841877;400;4751.2878959753025
211130005000994;0.0410804;689;16771.988588231856
211130005000995;0.1522694;822;5398.326912695526
211130005000996;0.4080263;559;1370.0097273141462
211130005000997;0.0732613;448;6115.097602690643
211130005000999;0.0284927;402;14108.877010602717
211130005001000;0.0712093;0;0.0
211130005001001;0.0623541;646;10360.184815433147
211130005001002;0.0289819;514;17735.207146529385
211130005001003;0.053932;443;8214.047318845955
211130005001004;0.0580486;572;9853.812150508367
211130005001005;0.124131;91;733.0964867760672
211130005001006;0.0259825;469;18050.610988165114
211130005001007;0.2581589;242;937.4071550506296
211130005001008;0.052688;792;15031.885818402672
211130005001009;0.0594155;862;14507.998754533748
211130005001010;0.1316983;460;3492.8317222014257
211130005001011;0.0590291;644;10909.873265897668
211130005001013;0.1610315;682;4235.196219373229
211130005001014;0.0190034;404;21259.353589357695
211130005001015;0.0601036;830;13809.488949081253
211130005001018;0.0704803;566;8030.612809536849
211130005001019;1.0162477;153;150.5538462719276
211130005001021;0.1100135;299;2717.8482640766815
211130005001022;0.0195326;654;33482.48569058906
211130005001023;0.0232405;598;25730.943826509756
211130005001024;0.1557707;335;2150.596999307315
211130005001025;0.0370169;604;16316.871483025321
211130005001026;0.0626852;435;6939.437060103502
211130005001029;0.0243994;616;25246.522455470214
211130005001030;0.074366;752;10112.148024634913
211130005001031;0.055038;768;13953.995421345253
211130005001032;0.0756669;580;7665.17460078317
211130005001033;0.0944519;1072;11349.692277233173
211130005001034;0.0952239;536;5628.838978449738
211130005001035;0.0388601;570;14668.00136901346
211130005001036;0.064643;717;11091.688195164208
211130005001037;0.0492628;841;17071.70522179007
211130005001039;0.0466317;477;10229.093084747072
211130005001040;0.0749962;699;9320.47223726002
211130005001041;0.0713089;349;4894.199742248163
211130005001042;0.8164878;388;475.206120654834
211130005001043;0.529134;80;151.19043569303807
211130005001044;0.076464;681;8906.15191462649
211130005001045;0.0420039;393;9356.274060265832
211130005001046;0.0916251;788;8600.263464923913
211130005001047;0.0588264;842;14313.30151088627
211130005001048;0.2825039;0;0.0
211130005001050;0.0277436;801;28871.523522542135
211130005001051;0.04316;736;17052.82669138091
211130005001052;0.0693661;768;11071.690638510743
211130005001053;0.1340242;531;3961.971047019866
211130005001054;0.1241426;906;7298.0588452312095
211130005001055;0.2945465;470;1595.6733486902747
211130005001059;0.0886045;795;8972.456252221953
211130005001061;0.0213551;505;23647.746908232697
211130005001062;0.0546358;595;10890.295374095374
211130005001063;0.0380839;271;7115.867860171884
211130005001065;0.1976236;754;3815.3337961660445
211130005001066;0.0343914;594;17271.75980041522
211130005001067;0.2792555;806;2886.2457498598956
211130005001068;0.4045935;731;1806.7517149929497
211130005001070;0.0328152;344;10482.946927033812
211130005001071;0.0603631;592;9807.316058983053
211130005001072;0.0268186;302;11260.84135637207
211130005001073;0.078829;482;6114.501008512096
211130005001075;0.4222073;569;1347.6792087678257
211130005001078;0.3364585;646;1919.99904891688
211130005001079;0.3214718;555;1726.4344804116568
211130005001080;0.0199661;21;1051.782771798198
211130005001081;0.1307902;385;2943.6456248251015
211130005001082;0.3831731;420;1096.1103480385236
211130005001083;0.0255048;427;16741.946613970704
211130005001084;0.0129232;191;14779.621146465273
211130005001085;0.0610078;645;10572.41860876806
211130005001086;0.0843904;609;7216.460640072804
211130005001090;0.2997631;815;2718.8136231577537
211130005001091;0.5597923;428;764.569287573266
211130005001092;0.1092597;252;2306.431374056491
211130005001093;0.1009583;285;2822.947692265024
211130005001094;0.0970133;572;5896.098782331907
211130005001095;0.011734;93;7925.686040565877
211130005001096;0.0500252;761;15212.332984175975
211130005001097;0.0757589;723;9543.433180787999
211130005001098;0.147439;734;4978.330021229119
211130005001099;0.120523;834;6919.84102619417
211130005001100;0.7131169;231;323.9300597139122
211130005001102;0.0265694;476;17915.34622535699
211130005001105;4.1211416;207;50.22880067988928
211130005001107;3.2877151;475;144.47723891890755
211130005001108;4.1635303;278;66.77025984415198
211130005001110;0.9344128;456;488.00701360255334
211130005001111;2.911052;288;98.93330658469858
211130005001112;0.1522653;0;0.0
211130005001113;0.08998;359;3989.775505667926
211130005001114;0.0280962;81;2882.952142994426
211130005001115;0.0448278;374;8343.03713320752
211130005001116;0.070778;586;8279.408855859167
211130005001118;0.059298;493;8313.93976188067
211130005001119;0.0455856;380;8335.965743568146
211130005001120;12.0698553;46;3.811147595116571
211130005001122;10.98902;161;14.65098798618985
211130005001123;15.6950756;1052;67.0273929741377
211130005001124;0.6032008;343;568.6331980992068
211130005001125;0.800824;625;780.4461404753105
211130005001126;0.2482714;187;753.2079812656633
211130005001127;0.0534795;779;14566.329154161875
211130005001128;0.0204414;893;43685.85321944681
211130005001129;0.0228743;761;33268.77762379614
211130005001130;0.0131061;332;25331.715765941048
211130005001131;0.0692237;436;6298.420916535811
211130005001132;0.0624133;596;9549.246715043108
211130005001133;0.0885966;211;2381.581234494326
211130005001134;0.0218989;452;20640.30613409806
211130005001135;0.0559475;396;7078.0642566691995
211130005001138;0.0513189;579;11282.393036483634
211130005001139;0.0207947;779;37461.46854727407
211130005001140;0.0093736;269;28697.6188444141
211130005001141;0.0093079;305;32767.863857583347
211130005001142;0.01059;284;26817.75259678942
211130005001145;0.005695;299;52502.19490781387
211130005001146;0.0079355;325;40955.201310566445
211130005001147;0.0081666;319;39061.54335953763
211130005001148;0.0060129;298;49560.11242495302
211130005001149;0.0070142;323;46049.442559379546
211130005001150;0.0067424;314;46570.953962980544
211130005001151;0.0071198;310;43540.54889182281
211130005001152;0.006507;326;50099.892423543875
211130005001153;0.0315213;560;17765.76473686047
211130005001154;0.0161074;393;24398.723568049467
211130005001155;0.0159241;692;43456.14508826244
211130005001156;0.0143318;460;32096.45683026556
211130005001157;0.0150485;444;29504.601787553576
211130005001158;0.0094852;443;46704.33939189475
211130005001159;0.0161206;403;24999.069513541683
211130005001160;0.0551302;365;6620.690655938125
211130005001161;0.1635119;60;366.9457696962729
211130005001162;0.2419812;629;2599.375488674327
211130005001163;0.0099778;435;43596.78486239452
211130005001164;0.0079743;353;44267.208407007514
211130005001165;0.0104353;410;39289.71855145516
211130005001166;0.009998;514;51410.282056411284
211130005001167;0.0118222;269;22753.80216880107
211130005001168;0.0884866;513;5797.487981231056
211130005001169;0.1305759;909;6961.468387351724
211130005001170;0.0230265;461;20020.41126528131
211130005001171;0.0084775;550;64877.61722205838
211130005001172;0.0120554;330;27373.625097466695
211130005001173;0.0101305;403;39780.85977987266
211130005001174;0.0082793;580;70054.23163794041
211130005001175;0.0109219;453;41476.29991118761
211130005001176;0.0123782;475;38373.91543196911
211130005001177;0.0141485;451;31876.170618793512
211130005001178;0.0111938;477;42612.874984366346
211130005001179;0.0096138;584;60746.01094260334
211130005001180;0.0085257;400;46916.968694652634
211130005001181;0.0091438;434;47463.85528992322
211130005001182;0.0107121;450;42008.569748228634
211130005001183;0.0839145;892;10629.867305412055
211130005001184;0.0198884;618;31073.389513485246
211130005001185;0.014945;255;17062.56273001004
211130005001187;0.0173706;551;31720.26297306944
211130005001188;0.034822;9;258.4572971110218
211130005001189;0.2801223;599;2138.3517128054427
211130005001190;0.081282;457;5622.401023596861
211130005001191;0.0077668;620;79826.95576041614
211130005001192;0.005148;311;60411.81041181042
211130005001193;0.0057748;388;67188.47405970769
211130005001194;0.0059384;362;60959.18092415466
211130005001196;0.0111458;318;28530.926447630496
211130005001197;0.0247674;291;11749.315632646141
211130005001198;0.0615002;430;6991.847180984778
211130005001199;0.0420769;756;17967.10308981888
211130005001200;0.1121522;539;4805.969031369871
211130005001201;0.0650978;551;8464.187729846477
211130005001202;0.2569743;767;2984.734271092479
211130005001203;0.1274175;571;4481.331057350835
211130005001204;0.0467557;591;12640.170075520206
211130005001205;0.0340752;538;15788.60872423346
211130005001206;0.1157608;631;5450.895294434731
211130005001207;0.1156227;640;5535.245241635077
211130005001209;0.1060923;1032;9727.378895546613
211130005001210;0.0408646;726;17765.988165796312
211130005001211;0.0127576;375;29394.2434313664
211130005001212;0.0091843;452;49214.42026066222
211130005001213;0.1290295;495;3836.332001596534
211130005001214;0.035637;721;20231.781575329012
211130005001215;0.0540863;759;14033.128537171151
211130005001216;0.0142853;227;15890.460823363877
211130005001218;0.4551108;386;848.145111036697
211130005001219;0.0433093;583;13461.312004581001
211130005001220;0.03517;524;14899.061700312766
211130005001221;0.0683668;278;4066.3011871259146
211130005001223;0.0096735;278;28738.305680467256
211130005001224;0.1008519;622;6167.459413258452
211130005001225;0.0108182;385;35588.17548205801
211130005001226;0.0107192;392;36569.893275617585
211130005001227;0.0130985;357;27255.029201817
211130005001228;0.0117154;315;26887.68629325503
211130005001229;0.0121131;400;33022.100040452075
211130005001230;0.0109973;363;33008.10198866995
211130005001231;0.0715564;367;5128.821461113192
211130005001232;0.0739758;560;7570.0431762819735
211130005001233;0.054107;422;7799.360526364426
211130005001234;0.0803178;736;9163.597608500233
211130005001235;0.0852133;635;7451.888378926763
211130005001237;0.0753524;647;8586.32239981739
211130005001238;0.0359648;523;14541.996618916275
211130005001239;0.0540613;689;12744.79156069129
211130005001240;0.0594716;447;7516.192602855817
211130005001241;0.0628723;777;12358.383580686565
211130005001242;0.0522629;474;9069.53115881438
211130005001243;0.0959176;929;9685.396632109227
211130005001244;0.0584798;588;10054.753949226913
211130005001245;0.1120427;1055;9416.052986941586
211130005001246;0.1111397;864;7773.999749864361
211130005001247;0.0959539;882;9191.914033718276
211130005001248;0.067692;641;9469.3612243692
211130005001249;0.0155047;494;31861.306571555724
211130005001250;0.0191522;616;32163.406814882885
211130005001251;0.0216522;730;33714.81881748737
211130005001252;0.02666;634;23780.94523630908
211130005001253;0.3606069;549;1522.4334309742826
211130005001254;0.0677787;826;12186.719426604524
211130005001255;0.1369441;608;4439.767759253593
211130005001258;0.0745793;520;6972.444096418175
211130005001259;0.0276555;682;24660.555766484063
211130005001262;0.0689885;707;10248.084825731825
211130005001263;0.0211336;698;33027.97441041753
211130005001264;0.0106155;407;38340.16296924309
211130005001265;0.0120366;389;32318.09647242577
211130005001266;0.0177174;1116;62988.92614040434
211130005001267;0.0193202;127;6573.430916864215
211130005001268;0.0357572;577;16136.610249124651
211130005001269;0.0355166;598;16837.197254241677
211130005001270;0.0191535;632;32996.5802594826
211130005001271;0.4076676;462;1133.2762279857413
211130005001272;0.0124275;377;30335.948501307586
211130005001273;0.0112101;456;40677.60323279899
211130005001274;0.1681995;864;5136.757243630332
211130005001275;0.0780076;580;7435.172983145232
211130005001276;0.015383;281;18266.91802639277
211130005001277;0.0217348;463;21302.243406886653
211130005001278;0.0172706;477;27619.1909951015
211130005001279;0.0133524;490;36697.52254276384
211130005001280;0.0133414;412;30881.316803333983
211130005001282;0.0173468;637;36721.47024235017
211130005001283;0.144366;579;4010.6396242882674
211130005001284;0.0993044;606;6102.448632688985
211130005001285;0.085266;602;7060.258485210988
211130005001286;0.0676447;718;10614.283158917106
211130005001287;0.0206004;582;28251.878604298945
211130005001288;0.0157093;575;36602.52207291222
211130005001289;0.0161878;558;34470.403637307114
211130005001290;0.0130798;513;39220.78319240355
211130005001291;0.0125112;335;26776.0086962082
211130005001292;0.0135073;411;30427.990790165317
211130005001294;1.8641281;1216;652.3156858157977
211130005001295;0.0341532;691;20232.364756450348
211130005001296;0.0367274;737;20066.762144883654
211130005001297;0.0304674;734;24091.323841220452
211130005001298;0.2102603;1257;5978.3040355216835
211130005001300;0.086839;993;11434.95434079158
211130005001301;0.0560651;667;11896.88415788075
211130005001302;0.0519026;649;12504.190541514297
211130005001303;0.0605735;667;11011.41588318324
211130005001304;0.0504472;655;12983.872246626177
211130005001305;0.0401165;544;13560.505029102738
211130005001306;0.0479106;619;12919.896640826873
211130005001307;0.04607;454;9854.569133926634
211130005001308;0.0234429;676;28836.022847002718
211130005001309;0.02058;485;23566.56948493683
211130005001310;0.0493994;749;15162.127475232492
211130005001311;0.0197277;641;32492.383805512047
211130005001312;0.0216563;433;19994.18183161482
211130005001313;0.0448169;585;13053.11166100288
211130005001314;0.0481845;541;11227.676950056553
211130005001315;0.0380188;447;11757.341104927036
211130005001316;0.0120997;565;46695.37261254412
211130005001317;0.0401726;600;14935.553088423452
211130005001318;0.0523302;681;13013.518006810598
211130005001319;0.0482563;351;7273.661677335394
211130005001320;0.0100693;382;37937.0959252381
211130005001321;0.0391201;485;12397.718819737169
211130005001322;0.0170267;310;18206.698890565996
211130005001323;0.0221612;502;22652.202949298775
211130005001324;0.0165567;500;30199.254682394436
211130005001326;2.759519;547;198.22295117373716
211130005001327;0.2117266;863;4076.0112333547136
211130005001328;0.1751983;652;3721.4972976335957
211130005001329;0.0258134;501;19408.524254844382
211130005001330;0.0212036;655;30890.980776849214
211130005001331;0.0105366;348;33027.73190592791
211130005001333;0.0317145;514;16207.097699790316
211130005001336;5.2123118;516;98.99638007073943
211130005001339;0.0186649;388;20787.681691302925
211130005001340;0.031602;386;12214.416809062719
211130005001341;0.0161579;285;17638.430736667513
211130005001342;0.0172225;301;17477.13746552475
211130005001343;0.0182431;332;18198.661411711822
211130005001344;0.0207494;292;14072.69607795888
211130005001345;0.0730581;748;10238.426676850342
211130005001346;0.067659;954;14100.119717997606
211130005001347;0.0677801;737;10873.39794423437
211130005001348;0.1264975;837;6616.731555959604
211130005001349;0.2551005;512;2007.0521225948205
211130005001351;0.0112711;321;28479.91766553398
211130005001352;0.0140326;462;32923.33566124596
211130005001353;0.0126526;310;24500.89309707096
211130005001354;0.0143194;429;29959.3558389318
211130005001355;0.0126121;341;27037.527453794373
211130005001356;0.0178394;465;26065.899077323233
211130005001357;0.0111183;438;39394.511750897174
211130005001358;0.0125845;457;36314.51388612976
211130005001359;0.1016916;418;4110.4673345684405
211130005001360;3.7269309;190;50.98028514561405
211130005001361;0.0094376;206;21827.58328388573
211130005001362;1.1634851;31;26.644088523351094
211130005001363;4.6678115;451;96.61915439387387
211130005001364;1.7233875;53;30.753385411000135
211130005001365;0.0586837;24;408.9721677399346
211130005001366;0.1590814;101;634.8950914437514
211130005001367;0.0167005;505;30238.61561031107
211130005001368;0.0176642;521;29494.684163449234
211130005001369;0.0108047;292;27025.276037280073
211130005001370;0.0261296;275;10524.462678341804
211130005001371;0.2948378;2;6.7833907321245785
211130005001372;1.0781827;136;126.13817676725847
211130005001373;0.133991;907;6769.111358225552
211130005001374;0.1373347;985;7172.258722668051
211130005001375;0.0432904;779;17994.7517232458
211130005001376;0.0305742;374;12232.535928985877
211130005001377;0.1037199;465;4483.228387223667
211130005001378;0.100192;616;6148.195464707761
211130005001379;0.0595058;776;13040.745607991154
211130005001380;0.0460348;397;8623.910606758365
211130005001381;0.3066595;894;2915.285520259441
211130005001382;0.3003404;509;1694.7436974845875
211130005001383;0.0789461;581;7359.451575188641
211130005001384;0.0809739;1010;12473.154930168857
211130005001385;0.0763308;683;8947.895213989634
211130005001386;0.0652431;388;5946.989030257606
211130005001387;0.0909939;658;7231.253963177751
211130005001388;0.1040441;659;6333.852664399038
211130005001389;0.1262291;811;6424.8259711904775
211130005001390;0.051963;921;17724.149875873216
211130005001391;0.0610762;786;12869.169987654766
211130005001392;0.0633567;669;10559.262082778932
211130005001393;0.1627476;691;4245.838341087672
211130005001394;0.1995655;1146;5742.475528084764
211130005001396;1.7431935;737;422.7872579836949
211130005001397;0.2885536;830;2876.4153349672292
211130005001398;0.0774357;678;8755.651463084856
211130005001399;0.0986043;490;4969.357320116871
211130005001400;0.0959301;697;7265.707009583019
211130005001401;0.1929989;563;2917.1150716403044
211130005001402;0.4031897;390;967.2866147126279
211130005001404;0.1007493;743;7374.741065198468
211130005001405;0.0903633;812;8985.94894166105
211130005001406;0.0093998;541;57554.41605140535
211130005001407;0.0088124;564;64000.72624937588
211130005001408;0.0095783;525;54811.39659438522
211130005001409;0.0103984;502;48276.657947376516
211130005001410;0.0100317;482;48047.68882642025
211130005001411;0.0113772;504;44299.12456491931
211130005001412;0.0328028;643;19601.985196385674
211130005001413;0.1455273;524;3600.6989753812513
211130005001414;0.0153686;0;0.0
211130005001415;0.0110234;221;20048.26097211387
211130005001416;0.00884;372;42081.4479638009
211130005001417;0.0123668;403;32587.249733156514
211130005001418;0.055372;305;5508.199089792675
211130005001419;0.1677308;653;3893.143060189303
211130005001420;0.0190269;442;23230.268724805406
211130005001421;0.1599193;542;3389.2094325075213
211130005001422;0.0570251;341;5979.82292008256
211130005001423;0.0809437;355;4385.7644263852535
211130005001424;0.0489498;504;10296.262701788362
211130005001425;0.0580729;611;10521.258624935212
211130005001426;0.1453166;366;2518.638613895453
211130005001427;0.1304415;565;4331.443597321405
211130005001428;0.1460359;223;1527.021780260881
211130005001429;0.0486959;536;11007.086838933052
211130005001430;0.3405293;209;613.7504173649669
211130005001431;0.0986518;167;1692.8226347618595
211130005001432;0.1447408;111;766.8881200048638
211130005001433;0.0793708;126;1587.4855740398232
211130005001434;2.7946364;602;215.41263829527162
211130005001435;0.1409087;122;865.8088535342389
211130005001436;0.0474324;569;11996.019598417959
211130005001437;0.0642138;765;11913.327041850816
211130005001438;0.3029263;441;1455.7996449961593
211130005001439;0.2472088;400;1618.0653763134646
211130005001440;0.0315946;620;19623.606565678943
211130005001441;0.0437866;500;11419.018603865108
211130005001442;0.0543286;729;13418.346874390285
211130005001443;0.0545513;723;13253.579658046647
211130005001444;0.1337191;473;3537.265805707636
211130005001445;0.0527461;542;10275.641232242764
211130005001446;0.0517293;601;11618.173839584144
211130005001447;0.0533199;525;9846.230019186081
211130005001448;0.0657891;333;5061.6287500513
211130005001449;0.0794835;507;6378.68236803865
211130005001450;0.0624429;605;9688.851734945045
211130005001452;1.2831255;363;282.9029584401526
211130005001453;0.0165257;690;41753.148126856955
211130005001454;0.016234;124;7638.290008623877
211130005001455;0.0752835;512;6800.959041489835
211130005001456;0.0583014;464;7958.642502581412
211130005001457;0.0435662;611;14024.633775725219
211130005001458;0.0250865;442;17619.038128076852
211130005001459;0.230191;1144;4969.785960354662
211130005001460;0.0627763;702;11182.564120535935
211130005001461;0.0317226;266;8385.189108080674
211130005001462;0.0500565;226;4514.898165073468
211130005001463;0.0727709;183;2514.741469461007
211130005001464;0.1074141;250;2327.4411832338587
211130005001465;0.8627376;891;1032.75897561437
211130005001467;0.0476574;518;10869.245909344614
211130005001468;0.0419869;560;13337.49336102451
211130005001469;0.9069193;452;498.3905403711223
211130005001471;0.0107607;419;38937.98730565856
211130005001474;4.9946921;291;58.26184961431356
211130005001475;0.0149332;575;38504.80807864356
211130005001477;0.2544877;682;2679.8937630384494
211130005001478;0.2517251;431;1712.1852369906696
211130005001479;0.119982;528;4400.660099014852
211130005001480;0.1506606;716;4752.40374723053
211130005001481;0.0075594;162;21430.272243828877
211130005001483;0.6114603;871;1424.4587915192533
211130005001484;0.0173367;229;13208.972872576673
211130005001485;0.0213101;743;34866.096358064955
211130005001486;0.0525877;614;11675.734059485392
211130005001487;0.0324346;403;12425.002928970913
211130005001488;0.1582626;731;4618.905540538321
211130005001490;1.8705414;1421;759.6731085449378
211130005001491;1.2006041;277;230.71718645638472
211130005001492;0.0328443;433;13183.413864810636
211130005001493;0.1027011;423;4118.7484846803
211130005001494;0.0775445;1038;13385.862311318017
211130005001495;0.0997097;684;6859.914331303775
211130005001496;0.0819795;508;6196.671118999262
211130005001497;0.2147886;379;1764.5256778059916
211130005001498;0.015771;119;7545.494895694629
211130005001499;0.0121013;783;64703.7921545619
211130005001500;0.0094886;571;60177.47612924984
211130005001501;0.0109149;599;54879.11020714803
211130005001502;0.0273876;579;21140.95430048635
211130005001503;0.0647502;679;10486.454095894685
211130005001504;0.0807998;435;5383.67669226904
211130005001506;0.0422824;233;5510.567044444024
211130005001507;0.0720324;300;4164.79251003715
211130005001508;0.1247;490;3929.4306335204487
211130005001509;0.0120691;379;31402.507229205163
211130005001510;0.0096939;252;25995.729273048
211130005001511;0.055256;667;12071.087302736354
211130005001512;0.0332464;705;21205.303431348955
211130005001513;0.0154777;347;22419.351712463736
211130005001514;0.0177379;416;23452.60712936706
211130005001515;0.033237;699;21030.778951168875
211130005001516;0.048196;660;13694.082496472736
211130005001517;0.0544599;561;10301.157365327517
211130005001518;0.0352151;672;19082.723036424715
211130005001519;0.0867439;934;10767.327731402438
211130005001520;0.1326137;468;3529.047149728874
211130005001521;0.0301946;727;24077.15286839369
211130005001522;0.2031062;724;3564.6376132289415
211130005001523;0.2205046;655;2970.4595731789723
211130005001524;1.5135417;768;507.4191216535362
211130005001525;0.0656104;161;2453.8792630436637
211130005001526;0.1926489;993;5154.454554373267
211130005001527;0.0072841;274;37616.177702118315
211130005001528;0.0421004;540;12826.481458608469
211130005001529;0.0367493;565;15374.442506387877
211130005001530;0.0457549;678;14818.085057556676
211130005001531;0.2404565;499;2075.2194263827346
211130005001532;0.4498669;965;2145.078911117933
211130005001533;0.0201532;447;22180.100430700833
211130005001534;0.0157353;407;25865.41089143518
211130005001535;5.5279046;238;43.05428859969834
211130005001536;0.2046736;754;3683.9142908513845
211130005001537;0.0136077;330;24250.975550607374
211130005001538;0.0322699;660;20452.495979225223
211130005001539;4.1038299;348;84.79883632603779
211130005001541;0.107531;607;5644.883800950423
211130005001542;0.2697534;1135;4207.546596261623
211130005001543;0.0190221;516;27126.34251738767
211130005001544;0.0084317;210;24906.009464283594
211130005001545;0.090457;456;5041.069237317179
211130005001546;0.1263377;390;3086.9645402757847
211130005001547;0.1017438;502;4933.961578002788
211130005001548;0.0195654;252;12879.879787788646
211130005001549;0.2321931;496;2136.153055366417
211130005001550;0.136537;322;2358.3351033053314
211130005001551;0.1874091;178;949.7937933643564
211130005001552;0.1010266;601;5948.928302051143
211130005001553;0.125357;250;1994.3042670134098
211130005001554;0.2598852;684;2631.9313296794126
211130005001555;0.1082133;238;2199.3599677673633
211130005001556;0.0629463;370;5878.026190578319
211130005001557;0.8443852;33;39.081689257462116
211130005001558;0.314546;578;1837.5690677993045
211130005001559;0.0985784;221;2241.8704300333543
211130005001560;0.6022234;170;282.28727080349256
211130005001561;0.0621632;712;11453.721816122721
211130005001562;0.1410324;711;5041.394743335574
211130005001563;0.1086292;552;5081.506629893252
211130005001564;0.3126553;406;1298.554670271062
211130005001565;0.012449;284;22813.07735561089
211130005001566;0.0295984;474;16014.379155630033
211130005001567;0.2614553;404;1545.1972096186232
211130005001568;0.0282959;686;24243.79503744359
211130005001569;0.0313823;732;23325.25022066579
211130005001570;0.0144211;469;32521.790986817927
211130005001571;0.0601557;97;1612.4822751626198
211130005001572;0.119854;148;1234.8357167887596
211130005001573;0.1984469;430;2166.826491116767
211130005001574;0.0410813;587;14288.739645532152
211130005001575;0.0312449;505;16162.637742479574
211130005001576;0.1603886;273;1702.1159857994896
211130005001577;0.2112404;445;2106.604607830699
211130005001578;0.0583849;662;11338.548152005056
211130005001579;0.036128;403;11154.782993799823
211130005001580;0.0587174;267;4547.204065575111
211130005001581;0.0523648;220;4201.295526766072
211130005001582;0.0379876;615;16189.493413640239
211130005001583;0.0356089;404;11345.478237182278
211130005001584;0.028006;431;15389.559380132829
211130005001585;0.0342564;554;16172.160530586985
211130005001586;0.0396206;773;19510.052851294527
211130005001587;0.1439686;835;5799.8758062521965
211130005001588;0.1085917;275;2532.421907014993
211130005001589;0.0832461;669;8036.4125166224
211130005001590;0.0873877;322;3684.7290865877007
211130005001591;0.0666666;430;6450.006450006449
211130005001592;0.0995018;586;5889.3406953442045
211130005001593;0.0321565;251;7805.575855581298
211130005001594;0.0579442;897;15480.410463860058
211130005001595;0.1553358;203;1306.8462002963902
211130005001596;0.0569779;213;3738.291513025226
211130005001597;0.0723913;301;4157.9582076851775
211130005001598;0.0295379;176;5958.446605885997
211130005001599;0.028562;235;8227.71514599818
211130005001600;0.2538183;371;1461.675537185459
211130005001601;0.1510777;0;0.0
211130005001602;0.1127993;42;372.342736169462
211130005001603;0.2997178;684;2282.1467393661637
211130005001604;0.1910316;893;4674.619277648306
211130005001605;0.1860186;683;3671.675843168371
211130005001606;0.286882;437;1523.2743776186724
211130005001607;0.229259;116;505.97795506392333
211130005001608;0.1107181;875;7902.953536955565
211130005001609;0.3819697;336;879.6509251911866
211130005001610;2.3362737;336;143.81876575505686
211130005001611;0.2036246;413;2028.2421672037663
211130005001613;0.1699087;453;2666.1377551590945
211130005001614;0.1814696;586;3229.191004994776
211130005001615;0.0598229;643;10748.392338051148
211130005001616;0.0903992;613;6781.0334604731015
211130005001618;0.7904889;452;571.7980353677325
211130005001619;0.5013733;692;1380.2091176374968
211130005001620;0.0297134;384;12923.462141659991
211130005001621;0.0541443;734;13556.366967529362
211130005001622;0.0569473;619;10869.69882681005
211130005001623;0.0704196;753;10693.045686144198
211130005001624;0.0413262;394;9533.90343172128
211130005001625;0.0849277;654;7700.667744446158
211130005001626;0.0756382;674;8910.841347361518
211130005001627;0.015606;425;27233.115468409585
211130005001628;0.2447622;478;1952.9159322803928
211130005001629;0.0756614;435;5749.298849875894
211130005001630;0.1184164;286;2415.2060018713623
211130005001631;0.0767887;535;6967.170950934187
211130005001632;0.0194124;415;21378.088232263915
211130005001633;0.0235656;650;27582.577995043623
211130005001634;0.0445888;210;4709.702885029425
211130005001635;0.3803164;647;1701.2150935379068
211130005001636;0.030322;440;14510.916166479783
211130005001637;0.0122261;404;33044.0614750411
211130005001638;0.095354;707;7414.4765819997065
211130005001639;0.0598274;518;8658.240204321097
211130005001640;0.0768821;896;11654.208196706386
211130005001641;0.1021546;127;1243.213717248171
211130005001642;0.096894;495;5108.675459780791
211130005001643;0.0373699;585;15654.310019561199
211130005001644;0.0384051;230;5988.787947434065
211130005001645;0.0417633;498;11924.345058939307
211130005001646;0.0625024;926;14815.431087446243
211130005001647;0.0227389;354;15568.035393092894
211130005001648;0.0710527;680;9570.361154467037
211130005001649;0.1831259;493;2692.1369396682826
211130005001650;0.1177466;534;4535.162798755972
211130005001651;0.0587875;509;8658.303210716564
211130005001652;0.2192683;169;770.7452468049418
211130005001653;0.4758584;609;1279.79247608112
211130005001654;0.0582904;675;11579.951415670505
211130005001655;0.0738667;418;5658.842211713804
211130005001656;0.0775673;559;7206.645068218179
211130005001658;0.2904637;560;1927.951754384455
211130005001659;0.1669225;776;4648.863993769563
211130005001660;0.2673594;516;1929.9863778868444
211130005001661;0.2834289;1005;3545.8628248566047
211130005001662;1.0053689;50;49.7329885577324
211130005001663;0.0154561;393;25426.854122320638
211130005001665;10.0373998;0;0.0
211130005001666;0.0498428;484;9710.529906024542
211130005001667;0.0539046;768;14247.392615843546
211130005001668;0.4005881;14;34.948616796155456
211130005001669;0.3243721;853;2629.695957204704
211130005001670;0.1226456;630;5136.7517464955945
211130005001671;0.090257;811;8985.452651871876
211130005001672;0.3297427;812;2462.526084732126
211130005001673;0.8626471;138;159.9727165372723
211130005001674;0.054181;540;9966.593455270298
211130005001675;0.0475087;379;7977.486228838086
211130005001676;0.0381698;587;15378.65013701932
211130005001677;0.0798917;687;8599.14108724686
211130005001678;0.0612786;516;8420.55791091833
211130005001679;0.0626969;767;12233.459708534234
211130005001680;0.5083035;438;861.6899155720942
211130005001681;0.1936938;202;1042.8831485571557
211130005001682;0.0371065;656;17678.843329335832
211130005001683;0.028535;493;17277.028210968983
211130005001684;0.0238991;53;2217.6567318434586
211130005001685;0.0309914;594;19166.607510470647
211130005001687;0.6859684;524;763.8835841417767
211130005001688;0.5167877;431;833.9981775882051
211130005001690;0.1007191;336;3336.010746720334
211130005001692;0.1330383;486;3653.0833602052944
211130005001693;0.0322914;748;23164.06225806252
211130005001694;0.0380514;239;6280.977835243907
211130005001695;0.0293788;276;9394.529388538675
211130005001697;0.3942245;412;1045.0897902083711
211130005001699;0.0524062;749;14292.202067694281
211130005001700;0.0237506;435;18315.326770692107
211130005001701;0.0450239;577;12815.415812490699
211130005001702;0.0500196;656;13114.85897528169
211130005001703;1.6589986;713;429.7773367620684
211130005001704;1.9983113;673;336.7843638776401
211130005001705;1.9712579;449;227.77334208781105
211130005001706;0.0665464;585;8790.858709111237
211130005001707;0.0284244;467;16429.546446011173
211130005001708;0.0154607;254;16428.751608918094
211130005001709;0.0562443;1014;18028.493554013476
211130005001710;0.1277152;221;1730.4126681867153
211130005001712;0.0191674;467;24364.285192566545
211130005001713;0.0579164;682;11775.593786906646
211130005001714;0.0398568;575;14426.647397683708
211130005001715;0.0447684;486;10855.871552255609
211130005001716;0.0645414;407;6306.029928077172
211130005001717;0.0563533;700;12421.632805887144
211130005001718;0.0890079;731;8212.75414878904
211130005001719;0.0769956;393;5104.187771768777
211130005001720;0.4797883;714;1488.156338951992
211130005001721;0.3148077;249;790.9590521451667
211130005001722;0.086687;630;7267.525695894425
211130005001723;0.1042612;440;4220.170111220665
211130005001724;0.0514075;549;10679.375577493556
211130005001725;0.0333122;588;17651.19085500207
211130005001726;0.0671821;787;11714.429885341484
211130005001727;0.036124;287;7944.856605027128
211130005001728;0.0458219;446;9733.337116095143
211130005001729;0.0522556;434;8305.329955067016
211130005001730;0.6526525;453;694.0906531423691
211130005001731;0.2113378;408;1930.5585654814236
211130005001733;0.0842297;760;9022.945588076414
211130005001734;0.095602;346;3619.1711470471328
211130005001735;0.0213716;392;18342.09886016957
211130005001736;0.0342784;629;18349.74794622853
211130005001737;0.0329315;606;18401.83411019844
211130005001739;0.0143581;327;22774.601096245326
211130005001740;0.0311179;516;16582.09583551589
211130005001741;0.101758;687;6751.311936162268
211130005001742;0.1510365;624;4131.451668967436
211130005001743;0.1618922;511;3156.421371752314
211130005001744;0.1003123;604;6021.195805499426
211130005001745;0.0372815;397;10648.713168729799
211130005001746;0.0422634;675;15971.265918028364
211130005001747;6.9425217;372;53.58283575836716
211130005001748;2.1326677;490;229.75918845678586
211130005001749;0.1587332;369;2324.6554596013943
211130005001750;0.1178558;431;3657.0113647355497
211130005001751;0.1553623;528;3398.5078748190517
211130005001752;0.1714487;421;2455.5450114232417
211130005001753;0.0398007;308;7738.5573620564455
211130005001754;0.061868;912;14741.0616150514
211130005001755;0.0474435;593;12499.077850495853
211130005001756;0.035349;578;16351.24048770828
211130005001757;0.0865297;572;6610.447048816764
211130005001758;0.0671921;269;4003.446833779566
211130005001759;0.049618;736;14833.326615341206
211130005001760;0.0334064;552;16523.77987451506
211130005001761;0.0453439;305;6726.373337979309
211130005001762;0.0267984;498;18583.19899695504
211130005001763;0.0538479;594;11031.070849559594
211130005001765;0.3973259;373;938.7759519326578
211130005001766;2.290743;0;0.0
211130005001767;0.0693278;223;3216.60286349776
211130005001768;1.0961652;0;0.0
211130005001769;0.0541803;630;11627.842592233708
211130005001770;0.5725696;660;1152.6982920504336
211130005001771;0.0214358;357;16654.3819218317
211130005001773;0.7751834;167;215.432889816784
211130005001774;0.0125496;464;36973.28998533818
211130005001775;0.0242169;731;30185.53159157448
211130005001776;0.0210617;291;13816.548521724268
211130005001777;0.3973525;560;1409.3279896313727
211130005001778;0.0436012;766;17568.323807601624
211130005001779;0.0309986;520;16774.951126825083
211130005001780;0.1851056;142;767.1296816519867
211130005001781;0.0220178;476;21618.872003560755
211130005001782;0.0343773;134;3897.9210118304813
211130005001783;0.0657759;956;14534.198695874933
211130005001784;0.0250791;288;11483.665681782839
211130005001785;0.0113964;0;0.0
211130005001786;0.0569486;946;16611.470694626383
211130005001787;0.0754442;1;13.25482939709083
211130005001788;0.047226;668;14144.750772879346
211130005001789;0.0362637;0;0.0
211130005001790;0.0826015;478;5786.819851939736
211130005001791;0.0923742;657;7112.375533428165
211130005001793;0.0401524;253;6300.993215847621
211130005001794;0.057949;690;11907.021691487342
211130005001795;0.0329655;12;364.0169267870956
211130005001796;0.055386;0;0.0
211130005001797;0.5118148;57;111.36840904170805
211130005001798;0.1837111;274;1491.472208266131
211130005001799;0.5266338;84;159.50362471987174
211130005001800;0.2176922;849;3900.0019293295763
211130005001801;0.4755657;139;292.28348470043153
211130005001802;0.2518516;979;3887.209769562711
211130005001803;0.4957635;781;1575.3479229511652
211130005001804;0.133728;717;5361.629576453696
211130005001805;0.5080257;604;1188.9162300253706
211130005001806;0.1637476;406;2479.425652650787
211130005001807;0.2283231;5;21.89879166847332
211130005001809;0.059257;205;3459.5068937003225
211130005001810;0.0415947;224;5385.301492738257
211130005001811;0.4738256;203;428.42767465497855
211130005001812;0.1107697;442;3990.260874589351
211130005001813;0.1004583;961;9566.158296527017
211130005001814;0.0574714;1;17.399958936096912
211130005001815;0.0729994;0;0.0
211130005001816;0.0320194;503;15709.226281566798
211130005001817;0.0586783;507;8640.332115961097
211130005001818;0.0514899;699;13575.477909259875
211130005001819;0.3760786;373;991.8139452763332
211130005001820;0.0260422;1162;44619.88618473093
211130005001821;0.0642389;679;10569.919472469173
211130005001822;0.0581359;517;8892.955987608346
211130005001823;0.0907674;676;7447.607841581889
211130005001824;0.090611;838;9248.325258522696
211130005001825;0.070557;571;8092.747707527248
211130005001826;0.122107;528;4324.076424774993
211130005001827;0.0832349;620;7448.798520812784
211130005001828;0.0830402;850;10236.006175322314
211130005001829;0.2517072;651;2586.338412250424
211130005001830;0.2094972;708;3379.5201081446435
211130005001831;1.4748972;440;298.3258765424465
211130005001832;0.6906782;421;609.5458058470645
211130005001833;0.1652195;279;1688.6626578581827
211130005001834;0.0166833;423;25354.696013378645
211130005001835;1.6759236;132;78.76254024944812
211130005001836;0.042845;588;13723.888435056599
211130005001837;0.0494994;951;19212.354089140474
211130005001838;0.0444721;207;4654.60367286456
211130005001839;0.027954;572;20462.187880088717
211130005001840;0.0271904;512;18830.175356008003
211130005001841;0.0326258;649;19892.232527631506
211130005001842;0.0298007;506;16979.46692527357
211130005001843;16.2494251;928;57.109712761468714
211130005001844;0.0713701;370;5184.243821992683
211130005001845;0.0524022;868;16564.190053089373
211130005001846;0.0417147;421;10092.36552102736
211130005001847;0.0671997;790;11756.004863116948
211130005001848;0.0182951;344;18802.848850238588
211130005001849;0.0519223;768;14791.332433270483
211130005001850;0.0306275;439;14333.523793976003
211130005001851;0.0394922;592;14990.30188239703
211130005001852;0.0255332;530;20757.288549809662
211130005001853;0.0363632;594;16335.19602235227
211130005001854;0.0324694;547;16846.630981785926
211130005001855;0.1413674;705;4987.005490657676
211130005001856;0.0716375;337;4704.240097714185
211130005001857;0.0592839;524;8838.824706201853
211130005001858;0.0434726;598;13755.79100398872
211130005001859;0.066083;673;10184.162341298064
211130005001860;0.0627225;713;11367.531587548328
211130005001861;0.158693;828;5217.621445180317
211130005001862;0.046917;276;5882.729074749025
211130005001863;0.0347019;678;19537.835104129743
211130005001864;0.0290916;507;17427.71109186157
211130005001865;0.0436512;713;16334.02976321384
211130005001866;0.0312209;430;13772.825254877342
211130005001867;0.3085491;0;0.0
211130005001868;0.2623554;885;3373.2867705410295
211130005001869;0.5319272;747;1404.3275094787407
211130005001870;0.4506344;371;823.2837972422877
211130005001871;0.9561523;233;243.68502800233813
211130005001872;0.3386195;582;1718.7433092305669
211130005001873;11.3883733;9;0.7902796793638649
211130005001874;0.8039161;0;0.0
211130005001875;1.0913749;385;352.7660385079408
211130005001876;0.3586236;334;931.3385956752428
211130005001877;0.0971589;562;5784.338851098561
211130005001878;0.0408871;732;17902.95716741955
211130005001879;0.4589117;33;71.9092583605953
211130005001880;0.1172697;583;4971.446162137364
211130005001881;0.3676723;479;1302.7905556116139
211130005001882;0.1529812;714;4667.240157614138
211130005001883;0.1570626;555;3533.6228994044413
211130005001884;0.0907315;268;2953.770190066294
211130005001885;0.1639437;310;1890.8930321811695
211130005001886;0.1106254;752;6797.715533683946
211130005001887;0.3274204;741;2263.1454851316535
211130005001888;0.0883978;542;6131.37431022039
211130005001889;0.1504077;704;4680.6114314626175
211130005001890;0.0599594;669;11157.549942127505
211130005001891;0.7225632;522;722.4281557654749
211130005001892;0.059968;508;8471.184631803628
211130005001893;0.3171794;614;1935.8129815492432
211130005001894;0.0867966;634;7304.433583803973
211130005001895;0.5639655;530;939.7737982199266
211130005001896;0.162656;824;5065.9059610466265
211130005001897;0.1004517;918;9138.72039995341
211130005001898;0.0720162;321;4457.330433985687
211130005001899;0.0327108;734;22439.072110740184
211130005001900;0.0256241;384;14985.892187432924
211130005001901;5.1284978;110;21.44877589691079
211130005001902;1.555651;101;64.9245878413603
211130005001903;0.8413177;188;223.45898582663838
211130005001904;5.749728;428;74.43830386411322
211130005001905;0.5179042;286;552.2256818925199
211130005001906;4.4423903;130;29.263525089184533
211130005001907;0.6452335;277;429.3019503792038
211130005001908;30.4634505;232;7.615683587780051
211130005001909;0.4493907;267;594.1377959089941
211130005001910;4.4055144;389;88.29842889629414
211130005001911;4.4647139;307;68.76140484612016
211130005001912;0.2676971;256;956.3047190275875
211130005001913;5.3033696;286;53.92797816693749
211130005001914;9.6846999;776;80.12638574376476
211130005001915;1.4018087;683;487.2276794972096
211130005001916;1.2730955;710;557.6957895146122
211130005001917;0.2359158;693;2937.488714193793
211130005001918;4.6491996;536;115.28866173007499
211130005001919;0.1324083;645;4871.295832663058
211130005001920;0.0457926;493;10765.931613404786
211130005001921;1.7250729;234;135.64644137647747
211130005001922;0.3269128;646;1976.062118093877
211130005001923;0.1041055;847;8135.977445956265
211130005001924;0.0268345;377;14049.078611488942
211130005001925;0.3905158;745;1907.7333106624621
211130005001926;0.1179242;506;4290.891945843177
211130005001927;0.060288;688;11411.889596602972
211130005001928;0.0414816;484;11667.823806217697
211130005001929;0.2076809;321;1545.640451288491
211130005001930;0.1140082;892;7823.998624660331
211130005001931;0.1325107;899;6784.357791484008
211130005001932;0.0524759;353;6726.897490085926
211130005001933;0.6175033;606;981.371273643396
211130005001934;0.1046306;873;8343.63943244137
211130005001935;0.2000049;531;2654.9349540936246
211130005001936;0.1286106;629;4890.732179151641
211130005001937;0.0560726;608;10843.0855712059
211130005001938;0.0587736;504;8575.278696557638
211130005001939;0.0684157;621;9076.863936201778
211130005001940;0.0671729;476;7086.191008576376
211130005001941;0.0893012;652;7301.133691372568
211130005001942;0.0555049;429;7729.047345369508
211130005001943;0.288495;333;1154.2661051318048
211130005001944;0.0541079;732;13528.523561254457
211130005001945;0.0522044;805;15420.15615541985
211130005001946;0.0390178;484;12404.594825951233
211130005001947;0.0229137;483;21079.09242069155
211130005001948;0.0200575;562;28019.444098217627
211130005001949;0.0502535;420;8357.626831961952
211130005001950;0.0500256;585;11694.012665515256
211130005001951;0.80552;1091;1354.4046082033965
211130005001952;0.0622835;0;0.0
211130005001953;0.0214279;759;35421.109861442324
211130005001954;0.0186348;365;19587.00925150793
211130005001955;0.2698191;566;2097.7017564731336
211130005001956;0.0344142;491;14267.366377832406
211130005001957;0.0799801;591;7389.338097851841
211130005001958;0.0222151;439;19761.333507389118
211130005001959;0.0868653;385;4432.149546481736
211130005001960;0.0395777;744;18798.464792041985
211130005001961;0.1283946;677;5272.807423365157
211130005001962;0.0620884;453;7296.048859368256
211130005001963;0.0307107;635;20676.832504631937
211130005001964;0.0177307;436;24590.117705448745
211130005001965;0.0694175;616;8873.84305110383
211130005001966;0.0632598;330;5216.5830432597
211130005001967;0.0514726;820;15930.805904500647
211130005001968;0.0385224;451;11707.474092995244
211130005001969;0.0456084;692;15172.64363582147
211130005001970;0.0408065;460;11272.713905872839
211130005001971;0.0520695;653;12540.930871239401
211130005001972;0.0488611;657;13446.279351058409
211130005001973;0.0970761;277;2853.431483135396
211130005001974;0.2171033;440;2026.6849928121774
211130005001975;0.1536095;667;4342.179357396515
211130005001976;0.164477;593;3605.3673157949133
211130005001977;0.0451948;710;15709.77192066344
211130005001978;0.0772029;718;9300.168776043387
211130005001979;0.0601135;503;8367.504803413543
211130005001980;0.0632001;512;8101.253004346513
211130005001981;0.0035413;156;44051.61946177958
211130005001982;0.0347773;536;15412.352310271357
211130005001983;0.5205463;274;526.370084659136
211130005001984;26.8195062;0;0.0
211130005001985;0.7830876;314;400.9768511211262
211130005001986;0.0416803;486;11660.184787537517
211130005001987;0.1787268;827;4627.173988456124
211130005001988;0.0400791;59;1472.0889441130166
211130005001989;0.0547285;838;15311.948984532739
211130005001990;3.0649458;117;38.17359510892493
211130005001991;0.0414324;0;0.0
211130005001992;0.0256004;1097;42850.892954797586
211130005001993;1.9573719;639;326.4581452303469
211130005001994;1.1977753;889;742.2093275758817
211130005001995;0.8358562;222;265.59592427501286
211130005001996;0.2220011;883;3977.457769353395
211130005001997;0.1223837;372;3039.6204723341425
211130005001998;0.0645421;604;9358.232843368902
211130005001999;0.0429468;673;15670.550541600305
211130005002000;0.8415138;472;560.8939508775733
211130005002001;0.492862;764;1550.129650896194
211130005002002;0.383457;907;2365.3238824692207
211130005002003;0.2026411;240;1184.359934879943
211130005002004;1.9141092;460;240.32066718032598
211130005002005;1.3270877;356;268.2565741510527
211130005002006;23.0213259;369;16.02861631874991
211130005002007;1.3251023;213;160.74230646192373
211130005002008;0.0525171;617;11748.554280415332
211130005002009;0.0461981;657;14221.36408207264
211130005002010;0.0577915;476;8236.505368436534
211130005002011;0.0424083;658;15515.830627495088
211130005002012;0.2302983;578;2509.7883918378902
211130005002013;0.0017052;140;82101.80623973727
211130005002014;0.0457809;518;11314.762269854897
211130005002015;0.0455834;593;13009.121741686666
211130005002016;0.0341925;458;13394.75031074066
211130005002017;0.0584505;844;14439.568523793636
211130005002018;0.0288239;477;16548.766821977595
211130005002019;0.1067019;971;9100.119116904198
